1;слова;слово;NOUN;_;Animacy=Inan|Case=Nom|Gender=Neut|Number=Plur;_;_;_;@vvp1934-words#@vvp1934#784.9#785.45
2;и;и;CCONJ;_;_;_;_;_;@vvp1934-words#@vvp1934#785.45#786.0
3;музыка;музыка;NOUN;_;Animacy=Inan|Case=Nom|Gender=Fem|Number=Sing;_;_;_;@vvp1934-words#@vvp1934#786.0#786.55
4;/;/;PUNCT;_;_;_;_;_;@vvp1934-words#@vvp1934#786.55#787.1
5;песня;песня;NOUN;_;Animacy=Inan|Case=Nom|Gender=Fem|Number=Sing;_;_;_;@vvp1934-words#@vvp1934#787.1#787.65
6;я;я;PRON;_;Case=Nom|Number=Sing|Person=1;_;_;_;@vvp1934-words#@vvp1934#788.7#789.041
7;понимаю;понимать;VERB;_;Aspect=Imp|Mood=Ind|Number=Sing|Person=1|Tense=Pres|VerbForm=Fin|Voice=Act;_;_;_;@vvp1934-words#@vvp1934#789.041#789.382
8;что;что;SCONJ;_;_;_;_;_;@vvp1934-words#@vvp1934#789.382#789.723
9;это;это;PRON;_;Case=Nom|Gender=Neut|Number=Sing;_;_;_;@vvp1934-words#@vvp1934#789.723#790.064
10;дурацкий;дурацкий;ADJ;_;Case=Nom|Degree=Pos|Gender=Masc|Number=Sing;_;_;_;@vvp1934-words#@vvp1934#790.064#790.405
11;вопрос;вопрос;NOUN;_;Animacy=Inan|Case=Nom|Gender=Masc|Number=Sing;_;_;_;@vvp1934-words#@vvp1934#790.405#790.746
12;/;/;PUNCT;_;_;_;_;_;@vvp1934-words#@vvp1934#790.746#791.087
13;но;но;CCONJ;_;_;_;_;_;@vvp1934-words#@vvp1934#791.087#791.428
14;всё-таки;всё-таки;PART;_;_;_;_;_;@vvp1934-words#@vvp1934#791.428#791.769
15;для;для;ADP;_;_;_;_;_;@vvp1934-words#@vvp1934#791.769#792.11
16;вас;вы;PRON;_;Case=Gen|Number=Plur|Person=2;_;_;_;@vvp1934-words#@vvp1934#792.11#792.451
17;лично;лично;ADV;_;Degree=Pos;_;_;_;@vvp1934-words#@vvp1934#792.451#792.8
18;что;что;SCONJ;_;_;_;_;_;@vvp1934-words#@vvp1934#794.2#795.15
19;первичнее;первичный;ADJ;_;Case=Acc|Degree=Cmp|Number=Sing;_;_;_;"""@vvp1934-words#@vvp1934#795.15#796.1 "
20;?;?;PUNCT;_;_;_;_;_;"""@vvp1934-words#@vvp1934#795.15#797.1"""
21;я;я;PRON;_;Case=Nom|Number=Sing|Person=1;_;_;_;@vvp1934-words#@vvp1934#814.5#814.818
22;к;к;ADP;_;_;_;_;_;@vvp1934-words#@vvp1934#814.818#815.136
23;чему;что;PRON;_;Case=Dat;_;_;_;@vvp1934-words#@vvp1934#815.136#815.454
24;говорю;говорить;VERB;_;Aspect=Imp|Mood=Ind|Number=Sing|Person=1|Tense=Pres|VerbForm=Fin|Voice=Act;_;_;_;@vvp1934-words#@vvp1934#815.454#815.772
25;/;/;PUNCT;_;_;_;_;_;@vvp1934-words#@vvp1934#815.772#816.09
26;вот;вот;PART;_;_;_;_;_;@vvp1934-words#@vvp1934#816.09#816.408
27;если;если;SCONJ;_;_;_;_;_;@vvp1934-words#@vvp1934#816.408#816.726
28;взять;взять;VERB;_;Aspect=Perf|VerbForm=Inf|Voice=Act;_;_;_;@vvp1934-words#@vvp1934#816.726#817.044
29;песню;песня;NOUN;_;Animacy=Inan|Case=Acc|Gender=Fem|Number=Sing;_;_;_;@vvp1934-words#@vvp1934#817.044#817.362
30;/;/;PUNCT;_;_;_;_;_;@vvp1934-words#@vvp1934#817.362#817.68
31;любую;любой;ADJ;_;Case=Acc|Degree=Pos|Gender=Fem|Number=Sing;_;_;_;@vvp1934-words#@vvp1934#817.68#818.0
32;и;и;CCONJ;_;_;_;_;_;@vvp1934-words#@vvp1934#820.1#820.475
33;играть;играть;VERB;_;Aspect=Imp|VerbForm=Inf|Voice=Act;_;_;_;@vvp1934-words#@vvp1934#820.475#820.85
34;/;/;PUNCT;_;_;_;_;_;@vvp1934-words#@vvp1934#820.85#821.225
35;в;в;ADP;_;_;_;_;_;@vvp1934-words#@vvp1934#821.225#821.6
36;/;/;PUNCT;_;_;_;_;_;@vvp1934-words#@vvp1934#821.6#821.975
37;вот;вот;PART;_;_;_;_;_;@vvp1934-words#@vvp1934#821.975#822.35
38;можно;можно;ADV;_;Degree=Pos;_;_;_;@vvp1934-words#@vvp1934#822.35#822.725
39;слушать;слушать;VERB;_;Aspect=Imp|VerbForm=Inf|Voice=Act;_;_;_;@vvp1934-words#@vvp1934#822.725#823.1
40;только;только;PART;_;_;_;_;_;@vvp1934-words#@vvp1934#823.1#823.475
41;музыку;музыка;NOUN;_;Animacy=Inan|Case=Acc|Gender=Fem|Number=Sing;_;_;_;@vvp1934-words#@vvp1934#823.475#823.85
42;/;/;PUNCT;_;_;_;_;_;@vvp1934-words#@vvp1934#823.85#824.225
43;и;и;CCONJ;_;_;_;_;_;@vvp1934-words#@vvp1934#824.225#824.6
44;можно;можно;ADV;_;Degree=Pos;_;_;_;@vvp1934-words#@vvp1934#824.6#824.975
45;/;/;PUNCT;_;_;_;_;_;@vvp1934-words#@vvp1934#824.975#825.35
46;прочитать;прочитать;VERB;_;Aspect=Perf|VerbForm=Inf|Voice=Act;_;_;_;@vvp1934-words#@vvp1934#825.35#825.725
47;или;или;CCONJ;_;_;_;_;_;@vvp1934-words#@vvp1934#825.725#826.1
48;слушать;слушать;VERB;_;Aspect=Imp|VerbForm=Inf|Voice=Act;_;_;_;@vvp1934-words#@vvp1934#826.1#826.475
49;чтение;чтение;NOUN;_;Animacy=Inan|Case=Nom|Gender=Neut|Number=Sing;_;_;_;@vvp1934-words#@vvp1934#826.475#826.85
50;только;только;PART;_;_;_;_;_;@vvp1934-words#@vvp1934#826.85#827.225
51;слов;слово;NOUN;_;Animacy=Inan|Case=Gen|Gender=Neut|Number=Plur;_;_;_;@vvp1934-words#@vvp1934#827.225#827.6
52;ну;ну;PART;_;_;_;_;_;@vvp1934-words#@vvp1934#830.004#830.292
53;вот;вот;PART;_;_;_;_;_;@vvp1934-words#@vvp1934#830.292#830.58
54;скажем;скажем;ADV;_;_;_;_;_;@vvp1934-words#@vvp1934#830.58#830.868
55;если;если;SCONJ;_;_;_;_;_;@vvp1934-words#@vvp1934#830.868#831.156
56;взять;взять;VERB;_;Aspect=Perf|VerbForm=Inf|Voice=Act;_;_;_;@vvp1934-words#@vvp1934#831.156#831.444
57;Высоцкого;Высоцкий;PROPN;_;Animacy=Anim|Case=Acc|Gender=Masc|Number=Sing;_;_;_;@vvp1934-words#@vvp1934#831.444#831.732
58;/;/;PUNCT;_;_;_;_;_;@vvp1934-words#@vvp1934#831.732#832.02
59;к;к;ADP;_;_;_;_;_;@vvp1934-words#@vvp1934#832.02#832.308
60;примеру;пример;NOUN;_;Animacy=Inan|Case=Dat|Gender=Masc|Number=Sing;_;_;_;@vvp1934-words#@vvp1934#832.308#832.603
61;то;то;SCONJ;_;_;_;_;_;@vvp1934-words#@vvp1934#834.0#834.312
62;на;на;ADP;_;_;_;_;_;@vvp1934-words#@vvp1934#834.312#834.624
63;мой;мой;PRON;_;Case=Nom|Gender=Masc|Number=Sing;_;_;_;@vvp1934-words#@vvp1934#834.624#834.936
64;взгляд;взгляд;NOUN;_;Animacy=Inan|Case=Nom|Gender=Masc|Number=Sing;_;_;_;@vvp1934-words#@vvp1934#834.936#835.248
65;/;/;PUNCT;_;_;_;_;_;@vvp1934-words#@vvp1934#835.248#835.56
66;слова;слово;NOUN;_;Animacy=Inan|Case=Nom|Gender=Neut|Number=Plur;_;_;_;@vvp1934-words#@vvp1934#835.56#835.872
67;сильнее;сильный;ADV;_;Degree=Cmp;_;_;_;@vvp1934-words#@vvp1934#835.872#836.184
68;музыки;музыка;NOUN;_;Animacy=Inan|Case=Gen|Gender=Fem|Number=Sing;_;_;_;@vvp1934-words#@vvp1934#836.184#836.5
69;зачастую;зачастую;ADV;_;Degree=Pos;_;_;_;@vvp1934-words#@vvp1934#836.6#836.966
70;/;/;PUNCT;_;_;_;_;_;@vvp1934-words#@vvp1934#836.966#837.332
71;да;да;PART;_;_;_;_;_;"""@vvp1934-words#@vvp1934#837.332#837.7"
72;?;?;PUNCT;;;_;_;_;"""@vvp1934-words#@vvp1934#837.332#838.1"
73;хотя;хотя;SCONJ;_;_;_;_;_;@vvp1934-words#@vvp1934#838.2#838.528
74;/;/;PUNCT;_;_;_;_;_;@vvp1934-words#@vvp1934#838.528#838.856
75;всё;всё;PRON;_;Animacy=Inan|Case=Nom|Gender=Neut|Number=Sing;_;_;_;@vvp1934-words#@vvp1934#838.856#839.184
76;равно;равно;ADV;_;Degree=Pos;_;_;_;@vvp1934-words#@vvp1934#839.184#839.512
77;это;это;PRON;_;Animacy=Inan|Case=Nom|Gender=Neut|Number=Sing;_;_;_;@vvp1934-words#@vvp1934#839.512#839.84
78;сильные;сильный;ADJ;_;Case=Nom|Degree=Pos|Number=Plur;_;_;_;@vvp1934-words#@vvp1934#839.84#840.168
79;вещи;вещь;NOUN;_;Animacy=Inan|Case=Nom|Gender=Fem|Number=Plur;_;_;_;@vvp1934-words#@vvp1934#840.168#840.5
80;а;а;CCONJ;_;_;_;_;_;@vvp1934-words#@vvp1934#841.1#841.37
81;если;если;SCONJ;_;_;_;_;_;@vvp1934-words#@vvp1934#841.37#841.64
82;взять;взять;VERB;_;Aspect=Perf|VerbForm=Inf|Voice=Act;_;_;_;@vvp1934-words#@vvp1934#841.64#841.91
83;Булата;Булат;PROPN;_;Animacy=Inan|Case=Acc|Gender=Musc|Number=Sing;_;_;_;@vvp1934-words#@vvp1934#841.91#842.18
84;Окуджаву;Окуджава;PROPN;_;Animacy=Anim|Case=Acc|Gender=Musc|Number=Sing;_;_;_;@vvp1934-words#@vvp1934#842.18#842.45
85;/;/;PUNCT;_;_;_;_;_;@vvp1934-words#@vvp1934#842.45#842.72
86;тут;тут;ADV;_;Degree=Pos;_;_;_;@vvp1934-words#@vvp1934#842.72#842.99
87;чёрт;чёрт;NOUN;_;Animacy=Anim|Case=Acc|Gender=Masc|Number=Sing;_;_;_;@vvp1934-words#@vvp1934#842.99#843.26
88;его;он;PRON;_;Case=Acc|Gender=Masc|Number=Sing|Person=3;_;_;_;@vvp1934-words#@vvp1934#843.26#843.53
89;знает;знать;VERB;_;Aspect=Imp|Mood=Ind|Number=Sing|Person=3|Tense=Pres|VerbForm=Fin|Voice=Act;_;_;_;@vvp1934-words#@vvp1934#843.53#843.8
90;/;/;PUNCT;_;_;_;_;_;@vvp1934-words#@vvp1934#843.8#844.07
91;может;может;ADV;_;_;_;_;_;@vvp1934-words#@vvp1934#844.07#844.34
92;тоже;тоже;PART;_;_;_;_;_;@vvp1934-words#@vvp1934#844.34#844.61
93;слова;слово;NOUN;_;Animacy=Inan|Case=Nom|Gender=Neut|Number=Plur;_;_;_;@vvp1934-words#@vvp1934#844.61#844.88
94;сильнее;сильный;ADJ;_;Degree=Cmp;_;_;_;@vvp1934-words#@vvp1934#844.88#845.15
95;чем;чем;SCONJ;_;_;_;_;_;@vvp1934-words#@vvp1934#845.15#845.42
96;слова;слово;NOUN;_;Animacy=Inan|Case=Nom|Gender=Neut|Number=Plur;_;_;_;@vvp1934-words#@vvp1934#845.42#845.7
97;слова;слово;NOUN;_;Animacy=Inan|Case=Nom|Gender=Neut|Number=Sing;_;_;_;@vvp1934-words#@vvp1934#846.2#846.4
98;то;то;CCONJ;_;_;_;_;_;@vvp1934-words#@vvp1934#847.6#847.911
99;есть;есть;VERB;_;Aspect=Imp|Mood=Ind|Number=Sing|Person=3|Tense=Pres|VerbForm=Fin|Voice=Act;_;_;_;@vvp1934-words#@vvp1934#847.911#848.222
100;мм;мм;INTJ;_;_;_;_;_;@vvp1934-words#@vvp1934#848.222#848.533
101;/;/;PUNCT;_;_;_;_;_;@vvp1934-words#@vvp1934#848.533#848.844
102;вот;вот;PART;_;_;_;_;_;@vvp1934-words#@vvp1934#848.844#849.155
103;мм;мм;INTJ;_;_;_;_;_;@vvp1934-words#@vvp1934#849.155#849.466
104;/;/;PUNCT;_;_;_;_;_;@vvp1934-words#@vvp1934#849.466#849.777
105;для;для;ADP;_;_;_;_;_;@vvp1934-words#@vvp1934#849.777#850.088
106;вас;вы;PRON;_;Case=Gen|Number=Plur|Person=2;_;_;_;@vvp1934-words#@vvp1934#850.088#850.4
107;нет;нет;PART;_;_;_;_;_;@vvp1934-words#@vvp1934#858.0#858.45
108;нет;нет;PART;_;_;_;_;_;@vvp1934-words#@vvp1934#858.45#858.9
109;но;но;CCONJ;_;_;_;_;_;@vvp1934-words#@vvp1934#863.6#863.85
110;вы;вы;PRON;_;Case=Nom|Number=Plur|Person=2;_;_;_;@vvp1934-words#@vvp1934#863.85#864.1
111;же;же;PART;_;_;_;_;_;@vvp1934-words#@vvp1934#864.1#864.35
112;сами;сам;PRON;_;Case=Nom|Degree=Pos|Number=Plur|Person=2;_;_;_;@vvp1934-words#@vvp1934#864.35#864.6
113;пишете;писать;VERB;_;Aspect=Imp|Mood=Ind|Number=Plur|Person=2|VerbForm=Fin|Voice=Act;_;_;_;@vvp1934-words#@vvp1934#864.6#864.85
114;слова;слово;NOUN;_;Animacy=Inan|Case=Acc|Gender=Neut|Number=Plur;_;_;_;@vvp1934-words#@vvp1934#864.85#865.1
115;к;к;ADP;_;_;_;_;_;@vvp1934-words#@vvp1934#865.1#865.35
116;своим;свой;DET;_;Case=Dat|Number=Plur;_;_;_;@vvp1934-words#@vvp1934#865.35#865.6
117;песням;песня;NOUN;_;Animacy=Inan|Case=Dat|Gender=Fem|Number=Plur;_;_;_;@vvp1934-words#@vvp1934#865.6#865.9
118;а;а;CCONJ;_;_;_;_;_;@vvp1934-words#@vvp1934#869.7#869.957
119;что;что;PRON;_;Case=Acc;_;_;_;@vvp1934-words#@vvp1934#869.957#870.214
120;значит;значить;VERB;_;Aspect=Imp|Mood=Ind|Number=Sing|Person=3|Tense=Pres|VerbForm=Fin|Voice=Act;_;_;_;@vvp1934-words#@vvp1934#870.214#870.471
121;не;не;PART;_;_;_;_;_;@vvp1934-words#@vvp1934#870.471#870.728
122;считаете;считать;VERB;_;Aspect=Imp|Mood=Ind|Number=Plur|Person=2|Tense=Pres|VerbForm=Fin|Voice=Act;_;_;_;@vvp1934-words#@vvp1934#870.728#870.985
123;себя;себя;PRON;_;Case=Acc;_;_;_;@vvp1934-words#@vvp1934#870.985#871.242
124;поэтом;поэтом;NOUN;_;Animacy=Anim|Case=Ins|Gender=Masc|Number=Sing;_;_;_;"""@vvp1934-words#@vvp1934#871.242#871.5"
125;?;?;PUNCT;_;_;_;_;_;"""@vvp1934-words#@vvp1934#871.242#872.6"
126;а;а;CCONJ;_;_;_;_;_;@vvp1934-words#@vvp1934#874.5#874.866
127;вот;вот;PART;_;_;_;_;_;@vvp1934-words#@vvp1934#874.866#875.232
128;так;так;PART;_;_;_;_;_;"""@vvp1934-words#@vvp1934#875.232#875.6"
129;?;?;PUNCT;_;_;_;_;_;"""@vvp1934-words#@vvp1934#875.232#900.6"
130;вот;вот;PART;_;_;_;_;_;@vvp1934-words#@vvp1934#902.5#902.836
131;я;я;PRON;_;Case=Nom|Number=Sing|Person=1;_;_;_;@vvp1934-words#@vvp1934#902.836#903.172
132;всегда;всегда;ADV;_;Degree=Pos;_;_;_;@vvp1934-words#@vvp1934#903.172#903.508
133;говорю;говорить;VERB;_;Aspect=Imp|Mood=Ind|Number=Sing|Person=1|Tense=Pres|VerbForm=Fin|Voice=Act;_;_;_;@vvp1934-words#@vvp1934#903.508#903.844
134;/;/;PUNCT;_;_;_;_;_;@vvp1934-words#@vvp1934#903.844#904.18
135;молодым;молодой;ADJ;_;Case=Dat|Degree=Pos|Number=Plur;_;_;_;@vvp1934-words#@vvp1934#904.18#904.516
136;журналистам;журналист;NOUN;_;Animacy=Anim|Case=Dat|Gender=Masc|Number=Plur;_;_;_;@vvp1934-words#@vvp1934#904.516#904.852
137;/;/;PUNCT;_;_;_;_;_;@vvp1934-words#@vvp1934#904.852#905.188
138;особенно;особенно;ADV;_;Degree=Pos;_;_;_;@vvp1934-words#@vvp1934#905.188#905.524
139;телевизионным;телевизионный;ADJ;_;Case=Dat|Degree=Pos|Gender=Masc|Number=Plur;_;_;_;@vvp1934-words#@vvp1934#905.524#905.86
140;потому;потому;ADV;_;Degree=Pos;_;_;_;@vvp1934-words#@vvp1934#905.86#906.196
141;что;что;SCONJ;_;_;_;_;_;@vvp1934-words#@vvp1934#906.196#906.532
142;те;тот;PRON;_;Case=Nom|Gender=Masc|Number=Plur;_;_;_;@vvp1934-words#@vvp1934#906.532#906.868
143;кто;кто;PRON;_;Case=Nom;_;_;_;@vvp1934-words#@vvp1934#906.868#907.204
144;идут;идти;VERB;_;Aspect=Imp|Mood=Ind|Number=Plur|Person=3|Tense=Pres|VerbForm=Fin|Voice=Act;_;_;_;@vvp1934-words#@vvp1934#907.204#907.54
145;на;на;ADP;_;_;_;_;_;@vvp1934-words#@vvp1934#907.54#907.876
146;телевидение;телевидение;NOUN;_;Animacy=Inan|Case=Acc|Gender=Neut|Number=Sing;_;_;_;@vvp1934-words#@vvp1934#907.876#908.212
147;чаще;чаще;ADV;_;Degree=Cmp;_;_;_;@vvp1934-words#@vvp1934#908.212#908.548
148;всего;всего;ADV;_;Degree=Pos;_;_;_;@vvp1934-words#@vvp1934#908.548#908.884
149;идут;идти;VERB;_;Aspect=Imp|Mood=Ind|Number=Plur|Person=3|Tense=Pres|VerbForm=Fin|Voice=Act;_;_;_;@vvp1934-words#@vvp1934#908.884#909.22
150;за;за;ADP;_;_;_;_;_;@vvp1934-words#@vvp1934#909.22#909.556
151;славой;слава;NOUN;_;Animacy=Inan|Case=Ins|Gender=Fem|Number=Sing;_;_;_;@vvp1934-words#@vvp1934#909.556#909.9
152;я;я;PRON;_;Case=Nom|Number=Sing|Person=1;_;_;_;@vvp1934-words#@vvp1934#911.4#911.723
153;им;они;PRON;_;Case=Dat|Number=Plur|Person=3;_;_;_;@vvp1934-words#@vvp1934#911.723#912.046
154;говорю;говорить;VERB;_;Aspect=Imp|Mood=Ind|Number=Sing|Person=1|Tense=Pres|VerbForm=Fin|Voice=Act;_;_;_;@vvp1934-words#@vvp1934#912.046#912.369
155;имейте;иметь;VERB;_;Aspect=Imp|Mood=Imp|Number=Plur|Person=2|VerbForm=Fin|Voice=Act;_;_;_;@vvp1934-words#@vvp1934#912.369#912.692
156;в;в;ADP;_;_;_;_;_;@vvp1934-words#@vvp1934#912.692#913.015
157;виду;вид;NOUN;_;Animacy=Inan|Case=Loc|Gender=Masc|Number=Sing;_;_;_;@vvp1934-words#@vvp1934#912.692#913.015
158;что;что;PRON;_;Case=Nom;_;_;_;@vvp1934-words#@vvp1934#913.015#913.338
159;/;/;PUNCT;_;_;_;_;_;@vvp1934-words#@vvp1934#913.338#913.661
160;аа;аа;INTJ;_;_;_;_;_;@vvp1934-words#@vvp1934#913.661#913.984
161;конечно;конечно;ADV;_;Degree=Pos;_;_;_;@vvp1934-words#@vvp1934#913.984#914.307
162;вы;вы;PRON;_;Case=Nom|Number=Plur|Person=2;_;_;_;@vvp1934-words#@vvp1934#914.307#914.63
163;станете;стать;VERB;_;Aspect=Imp|Mood=Ind|Number=Plur|Person=2|Tense=Fut|VerbForm=Fin|Voice=Act;_;_;_;@vvp1934-words#@vvp1934#914.63#914.953
164;известными;известный;ADJ;_;Case=Ins|Degree=Pos|Number=Plur;_;_;_;@vvp1934-words#@vvp1934#914.953#915.276
165;очень;очень;ADV;_;Degree=Pos;_;_;_;@vvp1934-words#@vvp1934#915.276#915.599
166;быстро;быстро;ADV;_;Degree=Pos;_;_;_;@vvp1934-words#@vvp1934#915.599#915.922
167;потому;потому;ADV;_;Degree=Pos;_;_;_;@vvp1934-words#@vvp1934#915.922#916.245
168;что;что;SCONJ;_;_;_;_;_;@vvp1934-words#@vvp1934#916.245#916.568
169;это;это;DET;_;Case=Nom|Gender=Neut|Number=Sing;_;_;_;@vvp1934-words#@vvp1934#916.568#916.891
170;свойство;свойство;NOUN;_;Animacy=Inan|Case=Nom|Gender=Neut|Number=Sing;_;_;_;@vvp1934-words#@vvp1934#916.891#917.214
171;телевизора;телевизор;NOUN       ;_;Animacy=Inan|Case=Gen|Gender=Masc|Number=Sing;_;_;_;@vvp1934-words#@vvp1934#917.214#917.55
172;но;но;CCONJ;_;_;_;_;_;@vvp1934-words#@vvp1934#918.6#918.9
173;вас;вы;PRON;_;Case=Acc|Number=Plur|Person=2;_;_;_;@vvp1934-words#@vvp1934#918.9#919.2
174;забудут;забыть;VERB;_;Aspect=Perf|Mood=Ind|Number=Plur|Person=3|Tense=Fut|VerbForm=Fin|Voice=Act;_;_;_;@vvp1934-words#@vvp1934#919.2#919.5
175;с;с;ADP;_;_;_;_;_;@vvp1934-words#@vvp1934#919.5#919.8
176;такой;такой;DET;_;Case=Ins|Gender=Fem|Number=Sing;_;_;_;@vvp1934-words#@vvp1934#919.8#920.1
177;же;же;PART;_;_;_;_;_;@vvp1934-words#@vvp1934#920.1#920.4
178;быстротой;быстрота;NOUN;_;Animacy=Inan|Case=Ins|Gender=Fem|Number=Sing;_;_;_;@vvp1934-words#@vvp1934#920.4#920.7
179;как;как;SCONJ;_;_;_;_;_;@vvp1934-words#@vvp1934#920.7#921.0
180;только;только;PART;_;_;_;_;_;@vvp1934-words#@vvp1934#921.0#921.3
181;вы;вы;PRON;_;Case=Nom|Number=Plur|Person=2;_;_;_;@vvp1934-words#@vvp1934#921.3#921.6
182;уйдёте;уйти;VERB;_;Aspect=Imp|Mood=Ind|Number=Plur|Person=2|VerbForm=Fin|Voice=Act|Tense=Fut;_;_;_;@vvp1934-words#@vvp1934#921.6#921.9
183;с;с;ADP;_;_;_;_;_;@vvp1934-words#@vvp1934#921.9#922.2
184;экрана;экран;NOUN;_;Animacy=Inan|Case=Gen|Gender=Masc|Number=Sing;_;_;_;@vvp1934-words#@vvp1934#922.2#922.5
185;/;/;PUNCT;_;_;_;_;_;@vvp1934-words#@vvp1934#922.5#922.8
186;всё;всё;PRON;_;Animacy=Inan|Case=Nom|Gender=Neut|Number=Sing;_;_;_;@vvp1934-words#@vvp1934#922.8#923.1
187;/;/;PUNCT;_;_;_;_;_;@vvp1934-words#@vvp1934#923.1#923.4
188;вас;вы;PRON;_;Case=Acc|Number=Plur|Person=2;_;_;_;@vvp1934-words#@vvp1934#923.4#923.7
189;забудут;забыть;VERB;_;Aspect=Perf|Mood=Ind|Number=Plur|Person=3|Tense=Fut|VerbForm=Fin|Voice=Act;_;_;_;@vvp1934-words#@vvp1934#923.7#924.0
190;через;через;ADP;_;_;_;_;_;@vvp1934-words#@vvp1934#924.0#924.3
191;/;/;PUNCT;_;_;_;_;_;@vvp1934-words#@vvp1934#924.3#924.6
192;нуу;ну;PART;_;_;_;_;_;@vvp1934-words#@vvp1934#924.6#924.9
193;/;/;PUNCT;_;_;_;_;_;@vvp1934-words#@vvp1934#924.9#925.2
194;полгода;полгода;NOUN;_;Animacy=Inan|Case=Acc|Gender=Neut|Number=Sing;_;_;_;@vvp1934-words#@vvp1934#925.2#925.5
195;это;это;PRON;_;Animacy=Inan|Case=Nom|Gender=Neut|Number=Sing;_;_;_;@vvp1934-words#@vvp1934#925.5#925.8
196;точно;точно;ADV;_;Degree=Pos;_;_;_;@vvp1934-words#@vvp1934#925.8#926.1
197;/;/;PUNCT;_;_;_;_;_;@vvp1934-words#@vvp1934#926.1#926.4
198;год;год;NOUN;_;Animacy=Inan|Case=Acc|Gender=Masc|Number=Sing;_;_;_;@vvp1934-words#@vvp1934#926.4#926.7
199;так;так;PART;_;_;_;_;_;@vvp1934-words#@vvp1934#926.7#927.0
200;вообще;вообще;ADV;_;Degree=Pos;_;_;_;@vvp1934-words#@vvp1934#927.0#927.3
201;потому;потому;ADV;_;Degree=Pos;_;_;_;@vvp1934-words#@vvp1934#928.6#928.914
202;что;что;SCONJ;_;_;_;_;_;@vvp1934-words#@vvp1934#928.914#929.228
203;мы;мы;PRON;_;Case=Nom|Number=Plur|Person=1;_;_;_;@vvp1934-words#@vvp1934#929.228#929.542
204;ничего;ничто;PRON;_;Case=Gen|Gender=Neut|Number=Sing;_;_;_;@vvp1934-words#@vvp1934#929.542#929.856
205;не;не;PART;_;_;_;_;_;@vvp1934-words#@vvp1934#929.856#930.17
206;создаём;создавать;VERB;_;Aspect=Imp|Mood=Ind|Number=Plur|Person=1|Tense=Pres|VerbForm=Fin|Voice=Act;_;_;_;@vvp1934-words#@vvp1934#930.17#930.484
207;/;/;PUNCT;_;_;_;_;_;@vvp1934-words#@vvp1934#930.484#930.798
208;мы;мы;PRON;_;Case=Nom|Number=Plur|Person=1;_;_;_;@vvp1934-words#@vvp1934#930.798#931.112
209;не;не;PART;_;_;_;_;_;@vvp1934-words#@vvp1934#931.112#931.426
210;пишем;писать;VERB;_;Aspect=Imp|Mood=Ind|Number=Plur|Person=1|Tense=Pres|VerbForm=Fin|Voice=Act;_;_;_;@vvp1934-words#@vvp1934#931.426#931.74
211;книг;книга;NOUN;_;Animacy=Inan|Case=Gen|Gender=Fem|Number=Plur;_;_;_;@vvp1934-words#@vvp1934#931.74#932.054
212;/;/;PUNCT;_;_;_;_;_;@vvp1934-words#@vvp1934#932.054#932.368
213;мы;мы;PRON;_;Case=Nom|Number=Plur|Person=1;_;_;_;@vvp1934-words#@vvp1934#932.368#932.682
214;не;не;PART;_;_;_;_;_;@vvp1934-words#@vvp1934#932.682#932.996
215;рисуем;рисовать;VERB;_;Aspect=Imp|Mood=Ind|Number=Plur|Person=1|Tense=Pres|VerbForm=Fin|Voice=Act;_;_;_;@vvp1934-words#@vvp1934#932.996#933.31
216;картин;картина;NOUN;_;Animacy=Inan|Case=Gen|Gender=Fem|Number=Plur;_;_;_;@vvp1934-words#@vvp1934#933.31#933.624
217;/;/;PUNCT;_;_;_;_;_;@vvp1934-words#@vvp1934#933.624#933.938
218;мы;мы;PRON;_;Case=Nom|Number=Plur|Person=1;_;_;_;@vvp1934-words#@vvp1934#933.938#934.252
219;не;не;PART;_;_;_;_;_;@vvp1934-words#@vvp1934#934.252#934.566
220;сочиняем;сочинять;VERB;_;Aspect=Imp|Mood=Ind|Number=Plur|Person=1|Tense=Pres|VerbForm=Fin|Voice=Act;_;_;_;@vvp1934-words#@vvp1934#934.566#934.88
221;музыки;музыка;NOUN;_;Animacy=Inan|Case=Gen|Gender=Fem|Number=Sing;_;_;_;@vvp1934-words#@vvp1934#934.88#935.194
222;/;/;PUNCT;_;_;_;_;_;@vvp1934-words#@vvp1934#935.194#935.508
223;поэтому;поэтому;ADV;_;Degree=Pos;_;_;_;@vvp1934-words#@vvp1934#935.508#935.822
224;да;да;PART;_;_;_;_;_;@vvp1934-words#@vvp1934#935.822#936.136
225;вот;вот;PART;_;_;_;_;_;@vvp1934-words#@vvp1934#936.136#936.45
226;это;это;PRON;_;Animacy=Inan|Case=Nom|Gender=Neut|Number=Sing;_;_;_;@vvp1934-words#@vvp1934#936.45#936.764
227;телевизор;телевизор;NOUN;_;Animacy=Inan|Case=Nom|Gender=Masc|Number=Sing;_;_;_;@vvp1934-words#@vvp1934#936.764#937.1
228;абсолютно;абсолютно;ADV;_;Degree=Pos;_;_;_;@vvp1934-words#@vvp1934#938.25#938.573
229;сиюминутные;сиюминутный;ADJ;_;Case=Nom|Degree=Pos|Number=Plur;_;_;_;@vvp1934-words#@vvp1934#938.573#938.896
230;/;/;PUNCT;_;_;_;_;_;@vvp1934-words#@vvp1934#938.896#939.219
231;и;и;CCONJ;_;_;_;_;_;@vvp1934-words#@vvp1934#939.219#939.542
232;поэтому;поэтому;ADV;_;Degree=Pos;_;_;_;@vvp1934-words#@vvp1934#939.542#939.865
233;/;/;PUNCT;_;_;_;_;_;@vvp1934-words#@vvp1934#939.865#940.188
234;я;я;PRON;_;Case=Nom|Number=Sing|Person=1;_;_;_;@vvp1934-words#@vvp1934#940.188#940.511
235;говорю;говорить;VERB;_;Aspect=Imp|Mood=Ind|Number=Sing|Person=1|Tense=Pres|VerbForm=Fin|Voice=Act;_;_;_;@vvp1934-words#@vvp1934#940.511#940.834
236;просто;просто;PART;_;_;_;_;_;@vvp1934-words#@vvp1934#940.834#941.157
237;имейте;иметь;VERB;_;Aspect=Imp|Mood=Imp|Number=Plur|Person=2|VerbForm=Fin|Voice=Act;_;_;_;@vvp1934-words#@vvp1934#941.157#941.48
238;в;виду;ADP;_;_;_;_;_;@vvp1934-words#@vvp1934#941.48#941.803
239;виду;вид;NOUN;_;Animacy=Inan|Case=Loc|Gender=Masc|Number=Sing;_;_;_;@vvp1934-words#@vvp1934#941.48#941.803
240;что;что;SCONJ;_;_;_;_;_;@vvp1934-words#@vvp1934#941.803#942.126
241;если;если;SCONJ;_;_;_;_;_;@vvp1934-words#@vvp1934#942.126#942.449
242;показать;показать;VERB;_;Aspect=Perf|VerbForm=Inf|Voice=Act;_;_;_;@vvp1934-words#@vvp1934#942.449#942.772
243;/;/;PUNCT;_;_;_;_;_;@vvp1934-words#@vvp1934#942.772#943.095
244;лош...;лошадиный;ADJ;_;Case=Acc|Degree=Pos|Gender=Fem|Number=Sing;_;_;_;@vvp1934-words#@vvp1934#943.095#943.418
245;лошадиную;лошадиный;ADJ;_;Case=Acc|Degree=Pos|Gender=Fem|Number=Sing;_;_;_;@vvp1934-words#@vvp1934#943.418#943.741
246;задницу;задница;NOUN;_;Animacy=Inan|Case=Acc|Gender=Fem|Number=Sing;_;_;_;@vvp1934-words#@vvp1934#943.741#944.064
247;/;/;PUNCT;_;_;_;_;_;@vvp1934-words#@vvp1934#944.064#944.387
248;каждый;каждый;DET;_;Case=Nom|Gender=Masc|Number=Sing;_;_;_;@vvp1934-words#@vvp1934#944.387#944.71
249;день;день;NOUN;_;Animacy=Inan|Case=Nom|Gender=Masc|Number=Sing;_;_;_;@vvp1934-words#@vvp1934#944.71#945.033
250;на;на;ADP;_;_;_;_;_;@vvp1934-words#@vvp1934#945.033#945.356
251;экране;экран;NOUN;_;Animacy=Inan|Case=Loc|Gender=Masc|Number=Sing;_;_;_;@vvp1934-words#@vvp1934#945.356#945.679
252;её;она;PRON;_;Case=Acc|Gender=Fem|Number=Sing|Person=3;_;_;_;@vvp1934-words#@vvp1934#945.679#946.002
253;тоже;тоже;PART;_;_;_;_;_;@vvp1934-words#@vvp1934#946.002#946.325
254;будут;быть;AUX;_;Aspect=Imp|Mood=Ind|Number=Plur|Person=3|Tense=Pres|VerbForm=Fin|Voice=Act;_;_;_;@vvp1934-words#@vvp1934#946.325#946.648
255;узнавать;узнавать;VERB;_;Aspect=Imp|VerbForm=Inf|Voice=Act;_;_;_;@vvp1934-words#@vvp1934#946.648#946.971
256;а;а;CCONJ;_;_;_;_;_;@vvp1934-words#@vvp1934#946.971#947.294
257;потом;потом;ADV;_;Degree=Pos;_;_;_;@vvp1934-words#@vvp1934#947.294#947.617
258;так;так;ADV;_;Degree=Pos;_;_;_;@vvp1934-words#@vvp1934#947.617#947.94
259;же;же;PART;_;_;_;_;_;@vvp1934-words#@vvp1934#947.94#948.263
260;забудут;забыть;VERB;_;Aspect=Perf|Mood=Ind|Number=Plur|Person=3|Tense=Fut|VerbForm=Fin|Voice=Act;_;_;_;@vvp1934-words#@vvp1934#948.263#948.6
261;вы;вы;PRON;_;Case=Nom|Number=Plur|Person=2;_;_;_;@vvp1934-words#@vvp1934#949.0#949.4
262;другое;другой;ADJ;_;Case=Nom|Degree=Pos|Gender=Neut|Number=Sing;_;_;_;@vvp1934-words#@vvp1934#949.4#949.8
263;дело;дело;NOUN;_;Animacy=Inan|Case=Nom|Gender=Neut|Number=Sing;_;_;_;@vvp1934-words#@vvp1934#949.8#950.2
264;/;/;PUNCT;_;_;_;_;_;@vvp1934-words#@vvp1934#950.2#950.6
265;вы;вы;PRON;_;Case=Nom|Number=Plur|Person=2;_;_;_;@vvp1934-words#@vvp1934#950.6#951.0
266;/;/;PUNCT;_;_;_;_;_;@vvp1934-words#@vvp1934#951.0#951.4
267;сочиняете;сочинять;VERB;_;Aspect=Imp|Mood=Ind|Number=Plur|Person=2|Tense=Pres|VerbForm=Fin|Voice=Act;_;_;_;@vvp1934-words#@vvp1934#951.4#951.8
268;/;/;PUNCT;_;_;_;_;_;@vvp1934-words#@vvp1934#951.8#952.2
269;вы;вы;PRON;_;Case=Nom|Number=Plur|Person=2;_;_;_;@vvp1934-words#@vvp1934#952.2#952.6
270;пишете;писать;VERB;_;Aspect=Imp|Mood=Ind|Number=Plur|Person=2|Tense=Pres|VerbForm=Fin|Voice=Act;_;_;_;@vvp1934-words#@vvp1934#952.6#953.0
271;песни;песня;NOUN;_;Animacy=Inan|Case=Acc|Gender=Fem|Number=Plur;_;_;_;@vvp1934-words#@vvp1934#953.0#953.4
272;/;/;PUNCT;_;_;_;_;_;@vvp1934-words#@vvp1934#953.4#953.8
273;аа;аа;INTJ;_;_;_;_;_;@vvp1934-words#@vvp1934#953.8#954.2
274;/;/;PUNCT;_;_;_;_;_;@vvp1934-words#@vvp1934#954.2#954.6
275;ии;и;CCONJ;_;_;_;_;_;@vvp1934-words#@vvp1934#954.6#955.0
276;/;/;PUNCT;_;_;_;_;_;@vvp1934-words#@vvp1934#955.0#955.4
277;я;я;PRON;_;Case=Nom|Number=Sing|Person=1;_;_;_;@vvp1934-words#@vvp1934#955.4#955.8
278;всегда;всегда;ADV;_;Degree=Pos;_;_;_;@vvp1934-words#@vvp1934#955.8#956.2
279;думаю;думать;VERB;_;Aspect=Imp|Mood=Ind|Number=Sing|Person=1|Tense=Pres|VerbForm=Fin|Voice=Act;_;_;_;@vvp1934-words#@vvp1934#956.2#956.6
280;/;/;PUNCT;_;_;_;_;_;@vvp1934-words#@vvp1934#956.6#957.0
281;аа;а;INTJ;_;_;_;_;_;@vvp1934-words#@vvp1934#957.0#957.4
282;/;/;PUNCT;_;_;_;_;_;@vvp1934-words#@vvp1934#957.4#957.8
283;о;о;ADP;_;_;_;_;_;@vvp1934-words#@vvp1934#957.8#958.2
284;том;тот;PRON;_;Case=Loc|Gender=Masc|Number=Sing;_;_;_;@vvp1934-words#@vvp1934#958.2#958.6
285;что;что;SCONJ;_;_;_;_;_;@vvp1934-words#@vvp1934#958.6#959.0
286;говорили;говорить;VERB;_;Aspect=Imp|Mood=Ind|Number=Plur|Tense=Past|VerbForm=Fin|Voice=Act;_;_;_;@vvp1934-words#@vvp1934#959.0#959.4
287;древние;древний;ADJ;_;Case=Nom|Degree=Pos|Number=Plur;_;_;_;@vvp1934-words#@vvp1934#959.4#959.8
288;римляне;римлянин;NOUN;_;Animacy=Anim|Case=Nom|Gender=Masc|Number=Plur;_;_;_;@vvp1934-words#@vvp1934#959.8#960.2
289;ars;ars;X;_;Foreign=Yes;_;_;_;@vvp1934-words#@vvp1934#960.2#960.6
290;longa;longa;X;_;Foreign=Yes;_;_;_;@vvp1934-words#@vvp1934#960.6#961.0
291;vita;vita;X;_;Foreign=Yes;_;_;_;@vvp1934-words#@vvp1934#961.0#961.4
292;brevis;brevis;X;_;Foreign=Yes;_;_;_;@vvp1934-words#@vvp1934#961.4#961.8
293;/;/;PUNCT;_;_;_;_;_;@vvp1934-words#@vvp1934#961.8#962.2
294;да;да;PART;_;_;_;_;_;"""@vvp1934-words#@vvp1934#962.2#962.6"
295;?;?;PUNCT;_;_;_;_;_;"""@vvp1934-words#@vvp1934#962.2#962.9"
296;/;/;PUNCT;_;_;_;_;_;@vvp1934-words#@vvp1934#962.6#963.0
297;искусство;искусство;NOUN;_;Animacy=Inan|Case=Nom|Gender=Neut|Number=Sing;_;_;_;@vvp1934-words#@vvp1934#963.0#963.4
298;вечно;вечно;ADV;_;Degree=Pos;_;_;_;@vvp1934-words#@vvp1934#963.4#963.8
299;жизнь;жизнь;NOUN;_;Animacy=Inan|Case=Nom|Gender=Fem|Number=Sing;_;_;_;@vvp1934-words#@vvp1934#963.8#964.2
300;коротка;коротка;ADJ;_;Gender=Fem|Number=Sg;_;_;_;@vvp1934-words#@vvp1934#964.2#964.6
301;как;как;ADV;_;Degree=Pos;_;_;_;@vvp1934-words#@vvp1934#965.4#965.9
302;вы;вы;PRON;_;Case=Nom|Number=Plur|Person=2;_;_;_;@vvp1934-words#@vvp1934#965.9#966.4
303;думаете;думать;VERB;_;Aspect=Imp|Mood=Ind|Number=Plur|Person=2|Tense=Pres|VerbForm=Fin|Voice=Act;_;_;_;@vvp1934-words#@vvp1934#966.4#966.9
304;/;/;PUNCT;_;_;_;_;_;@vvp1934-words#@vvp1934#966.9#967.4
305;аа;аа;INTJ;_;_;_;_;_;@vvp1934-words#@vvp1934#967.4#967.9
306;/;/;PUNCT;_;_;_;_;_;@vvp1934-words#@vvp1934#967.9#968.4
307;и;и;CCONJ;_;_;_;_;_;@vvp1934-words#@vvp1934#968.4#968.9
308;вообще;вообще;ADV;_;Degree=Pos;_;_;_;@vvp1934-words#@vvp1934#968.9#969.4
309;думаете;думать;VERB;_;Aspect=Imp|Mood=Ind|Number=Plur|Person=2|Tense=Pres|VerbForm=Fin|Voice=Act;_;_;_;@vvp1934-words#@vvp1934#969.4#969.9
310;ли;ли;SCONJ;_;_;_;_;_;@vvp1934-words#@vvp1934#969.9#970.4
311;вы;вы;PRON;_;Case=Nom|Number=Plur|Person=2;_;_;_;@vvp1934-words#@vvp1934#970.4#970.9
312;об;о;ADP;_;_;_;_;_;@vvp1934-words#@vvp1934#970.9#971.4
313;этом;это;PRON;_;Case=Loc|Gender=Neut|Number=Sing;_;_;_;"""@vvp1934-words#@vvp1934#971.4#971.9"
314;?;?;PUNCT;_;_;_;_;_;"""@vvp1934-words#@vvp1934#971.4#972.5"
315;аа;аа;INTJ;_;_;_;_;_;@vvp1934-words#@vvp1934#972.9#973.0
316;/;/;PUNCT;_;_;_;_;_;@vvp1934-words#@vvp1934#973.0#973.1
317;[нрзб];[нрзб];X;_;_;_;_;_;@vvp1934-words#@vvp1934#973.1#973.2
318;ну;ну;PART;_;_;_;_;_;@vvp1934-words#@vvp1934#973.7#973.99
319;нет;нет;PART;_;_;_;_;_;@vvp1934-words#@vvp1934#973.99#974.28
320;/;/;PUNCT;_;_;_;_;_;@vvp1934-words#@vvp1934#974.28#974.57
321;думаете;думать;VERB;_;Aspect=Imp|Mood=Ind|Number=Plur|Person=2|Tense=Pres|VerbForm=Fin|Voice=Act;_;_;_;@vvp1934-words#@vvp1934#974.57#974.86
322;ли;ли;PART;_;_;_;_;_;@vvp1934-words#@vvp1934#974.86#975.15
323;что;что;SCONJ;_;_;_;_;_;@vvp1934-words#@vvp1934#975.15#975.44
324;вас;вы;PRON;_;Case=Acc|Number=Plur|Person=2;_;_;_;@vvp1934-words#@vvp1934#975.44#975.73
325;запомнят;запомнить;VERB;_;Aspect=Imp|Mood=Ind|Number=Plur|Person=3|Tense=Fut|VerbForm=Fin|Voice=Act;_;_;_;@vvp1934-words#@vvp1934#975.73#976.02
326;или;или;CCONJ;_;_;_;_;_;@vvp1934-words#@vvp1934#976.02#976.31
327;нет;нет;PART;_;_;_;_;_;@vvp1934-words#@vvp1934#976.31#976.6
328;не;не;PART;_;_;_;_;_;@vvp1934-words#@vvp1934#977.4#977.6
329;думаете;думать;VERB;_;Aspect=Imp|Mood=Ind|Number=Plur|Person=2|Nense=Pres|VerbForm=Fin|Voice=Act;_;_;_;"""@vvp1934-words#@vvp1934#977.6#977.8"
330;?;?;PUNCT;_;_;_;_;_;"""@vvp1934-words#@vvp1934#977.6#978.6"
331;не;не;PART;_;_;_;_;_;@vvp1934-words#@vvp1934#979.7#979.89
332;ну;ну;PART;_;_;_;_;_;@vvp1934-words#@vvp1934#979.89#980.08
333;я;я;PRON;_;Case=Nom|Number=Sing|Person=1;_;_;_;@vvp1934-words#@vvp1934#980.08#980.27
334;/;/;PUNCT;_;_;_;_;_;@vvp1934-words#@vvp1934#980.27#980.46
335;в;верить;VERB;_;Aspect=Imp|Mood=Ind|Number=Sing|Person=1|Tense=Pres|VerbForm=Fin|Voice=Act;_;_;_;@vvp1934-words#@vvp1934#980.46#980.65
336;/;/;PUNCT;_;_;_;_;_;@vvp1934-words#@vvp1934#980.65#980.84
337;верю;верить;VERB;_;Aspect=Imp|Mood=Ind|Number=Sing|Person=1|Tense=Pres|VerbForm=Fin|Voice=Act;_;_;_;@vvp1934-words#@vvp1934#980.84#981.03
338;что;что;SCONJ;_;_;_;_;_;@vvp1934-words#@vvp1934#981.03#981.22
339;вы;вы;PRON;_;Case=Nom|Number=Plur|Person=2;_;_;_;@vvp1934-words#@vvp1934#981.22#981.41
340;искренне;искренне;ADV;_;Degree=Pos;_;_;_;@vvp1934-words#@vvp1934#981.41#981.6
341;говорите;говорить;VERB;_;Aspect=Imp|Mood=Ind|Number=Plur|Person=2|Tense=Pres|VerbForm=Fin|Voice=Act;_;_;_;@vvp1934-words#@vvp1934#981.6#981.8
342;да;да;PART;_;_;_;_;_;@vvp1934-words#@vvp1934#982.7#982.9
343;ну;ну;PART;_;_;_;_;_;@vvp1934-words#@vvp1934#984.9#985.179
344;а;а;CCONJ;_;_;_;_;_;@vvp1934-words#@vvp1934#985.179#985.458
345;то;то;PRON;_;Animacy=Inan|Case=Nom|Gender=Neut|Number=Sing;_;_;_;@vvp1934-words#@vvp1934#985.458#985.737
346;чем;что;PRON;_;Animacy=Inan|Case=Ins|Gender=Neut|Number=Sing;_;_;_;@vvp1934-words#@vvp1934#985.737#986.016
347;занимаетесь;заниматься;VERB;_;Aspect=Imp|Mood=Ind|Number=Plur|Person=2|Tense=Pres|VerbForm=Fin|Voice=Mid;_;_;_;@vvp1934-words#@vvp1934#986.016#986.295
348;/;/;PUNCT;_;_;_;_;_;@vvp1934-words#@vvp1934#986.295#986.574
349;это;это;PRON;_;Case=Nom|Gender=Neut|Number=Sing;_;_;_;@vvp1934-words#@vvp1934#986.574#986.853
350;искусство;искусство;NOUN;_;Animacy=Inan|Case=Nom|Gender=Neut|Number=Sing;_;_;_;@vvp1934-words#@vvp1934#986.853#987.132
351;с;с;ADP;_;_;_;_;_;@vvp1934-words#@vvp1934#987.132#987.411
352;вашей;ваш;PRON;_;Case=Ins|Gender=Fem|Number=Sing;_;_;_;@vvp1934-words#@vvp1934#987.411#987.69
353;точки;точка;NOUN;_;Animacy=Inan|Case=Gen|Gender=Fem|Number=Sing;_;_;_;@vvp1934-words#@vvp1934#987.69#987.969
354;зрения;зрение;PUNCT;_;Animacy=Inan|Case=Gen|Gender=Neut|Number=Sing;_;_;_;"""@vvp1934-words#@vvp1934#987.969#988.25"
355;?;?;PUNCT;_;_;_;_;_;"""@vvp1934-words#@vvp1934#987.969#988.6"
356;угу;угу;PART;_;_;_;_;_;@vvp1934-words#@vvp1934#999.5#999.9
357;чуть-чуть;чуть-чуть;ADV;_;Degree=Pos;_;_;_;@vvp1934-words#@vvp1934#1009.9#1010.483
358;сменим;сменить ;VERB;_;Aspect=Perf|Mood=Ind|Number=Plur|Person=1|Tense=|VerbForm=Fin|Voice=Act;_;_;_;@vvp1934-words#@vvp1934#1010.483#1011.066
359;ракурс;ракурс;NOUN;_;Animacy=Inan|Case=Acc|Gender=Masc|Number=Sing;_;_;_;@vvp1934-words#@vvp1934#1011.066#1011.65
360;несколько;несколько;NUM;_;Animacy=Inan|Case=Acc;_;_;_;@vvp1934-words#@vvp1934#1012.0#1012.263
361;лет;год;NOUN;_;Animacy=Inan|Case=Gen|Gender=Masc|Number=Plur;_;_;_;@vvp1934-words#@vvp1934#1012.263#1012.526
362;тому;тот;PRON;_;Case=Dat|Gender=Neut|Number=Sing;_;_;_;@vvp1934-words#@vvp1934#1012.526#1012.789
363;назад;назад;ADV;_;Degree=Pos;_;_;_;@vvp1934-words#@vvp1934#1012.789#1013.052
364;вы;вы;PRON;_;Case=Nom|Number=Plur|Person=2;_;_;_;@vvp1934-words#@vvp1934#1013.052#1013.315
365;решили;решить;VERB;_;Aspect=Perf|Mood=Ind|Number=Plur|Person=2|Tense=Past|VerbForm=Fin|Voice=Act;_;_;_;@vvp1934-words#@vvp1934#1013.315#1013.578
366;/;/;PUNCT;_;_;_;_;_;@vvp1934-words#@vvp1934#1013.578#1013.841
367;что;что;SCONJ;_;_;_;_;_;@vvp1934-words#@vvp1934#1013.841#1014.104
368;вам;вы;PRON;_;Case=Dat|Number=Plur|Person=2;_;_;_;@vvp1934-words#@vvp1934#1014.104#1014.367
369;надо;надо;PRED;_;_;_;_;_;@vvp1934-words#@vvp1934#1014.367#1014.63
370;учиться;учиться;VERB;_;Aspect=Imp|VerbForm=Inf|Voice=Mid;_;_;_;@vvp1934-words#@vvp1934#1014.63#1014.9
371;да;да;PART;_;_;_;_;_;@vvp1934-words#@vvp1934#1017.6#1017.75
372;/;/;PUNCT;_;_;_;_;_;@vvp1934-words#@vvp1934#1017.75#1017.9
373;да;да;PART;_;_;_;_;_;@vvp1934-words#@vvp1934#1017.9#1018.05
374;/;/;PUNCT;_;_;_;_;_;@vvp1934-words#@vvp1934#1018.05#1018.2
375;но;но;CCONJ;_;_;_;_;_;@vvp1934-words#@vvp1934#1018.2#1018.35
376;всё-таки;всё-таки;PART;_;_;_;_;_;@vvp1934-words#@vvp1934#1018.35#1018.5
377;и;и;PART;_;_;_;_;_;@vvp1934-words#@vvp1934#1018.9#1019.322
378;вы;вы;PRON;_;Case=Nom|Number=Plur|Person=2;_;_;_;@vvp1934-words#@vvp1934#1019.322#1019.744
379;поступили;поступить;VERB;_;Aspect=Perf|Mood=Ind|Number=Plur|Tense=Past|VerbForm=Fin|Voice=Act;_;_;_;@vvp1934-words#@vvp1934#1019.744#1020.166
380;на;на;ADP;_;_;_;_;_;@vvp1934-words#@vvp1934#1020.166#1020.588
381;философский;философский;ADJ;_;Animacy=Inan|Case=Acc|Degree=Pos|Gender=Masc|Number=Sing;_;_;_;@vvp1934-words#@vvp1934#1020.588#1021.01
382;факультет;факультет;NOUN;_;Animacy=Inan|Case=Acc|Gender=Masc|Number=Sing;_;_;_;@vvp1934-words#@vvp1934#1021.01#1021.432
383;Московского;Московский;PROPN;_;_;_;_;_;@vvp1934-words#@vvp1934#1021.432#1021.854
384;Государственного;Государственный;PROPN;_;_;_;_;_;@vvp1934-words#@vvp1934#1021.854#1022.276
385;Университета;Университет;PROPN;_;_;_;_;_;@vvp1934-words#@vvp1934#1022.276#1022.698
386;/;/;PUNCT;_;_;_;_;_;@vvp1934-words#@vvp1934#1022.698#1023.12
387;окончили;окончить;PUNCT;_;Aspect=Perf|Mood=Ind|Number=Plur|Tense=Past|VerbForm=Fin|Voice=Act;_;_;_;@vvp1934-words#@vvp1934#1023.12#1023.55
388;?;?;PUNCT;_;_;_;_;_;"""@vvp1934-words#@vvp1934#1027.0#1026.15"
389;сколько;сколько;NUM;_;Case=Num;_;_;_;"""@vvp1934-words#@vvp1934#1027.0#1027.599"
390;?;?;PUNCT;;;_;_;_;"""@vvp1934-words#@vvp1934#1027.0#1028.357"
391;один;один;NUM;_;Case=Nom|Gender=Masc;_;_;_;@vvp1934-words#@vvp1934#1028.65#1028.983
392;/;/;PUNCT;_;_;_;_;_;@vvp1934-words#@vvp1934#1028.983#1029.316
393;#цокает#;#цокает#;X;_;_;_;_;_;@vvp1934-words#@vvp1934#1029.316#1029.649
394;/;/;PUNCT;_;_;_;_;_;@vvp1934-words#@vvp1934#1029.649#1029.982
395;потому;потому;ADV;_;Degree=Pos;_;_;_;@vvp1934-words#@vvp1934#1029.982#1030.315
396;что;что;PUNCT;_;_;_;_;_;"""@vvp1934-words#@vvp1934#1030.315#1030.65"
397;?;?;PUNCT;;_;_;_;_;"""@vvp1934-words#@vvp1934#1030.315#1033.35"
398;да;да;PART;_;_;_;_;_;@vvp1934-words#@vvp1934#1037.4#1037.65
399;и;и;CCONJ;_;_;_;_;_;@vvp1934-words#@vvp1934#1043.25#1043.625
400;#одновременно#;#одновременно#;X;_;_;_;_;_;@vvp1934-words#@vvp1934#1043.625#1044.0
401;и;и;CCONJ;_;_;_;_;_;@vvp1934-words#@vvp1934#1044.65#1044.933
402;не;не;PART;_;_;_;_;_;@vvp1934-words#@vvp1934#1044.933#1045.216
403;вернулись;вернуться;VERB;_;Aspect=Perf|Mood=Ind|Number=Plur|Tense=Past|VerbForm=Fin|Voice=Mid;_;_;_;@vvp1934-words#@vvp1934#1045.216#1045.5
404;а;а;CCONJ;_;_;_;_;_;@vvp1934-words#@vvp1934#1048.15#1048.45
405;да;да;PUNCT;_;_;_;_;_;"""@vvp1934-words#@vvp1934#1048.45#1048.75"
406;?;?;PUNCT;_;_;_;_;_;"""@vvp1934-words#@vvp1934#1048.45#1050.75"
407;да;да;PART;_;_;_;_;_;@vvp1934-words#@vvp1934#1058.6#1059.35
408;да;да;PART;_;_;_;_;_;@vvp1934-words#@vvp1934#1066.1#1066.3
409;неужели;неужели;PART;_;_;_;_;_;@vvp1934-words#@vvp1934#1072.1#1072.483
410;вы;вы;PRON;_;Case=Nom|Number=Plur|Person=2;_;_;_;@vvp1934-words#@vvp1934#1072.483#1072.866
411;мне;я;PRON;_;Case=Dat|Number=Sing|Person=1;_;_;_;@vvp1934-words#@vvp1934#1072.866#1073.249
412;скажете;сказать;VERB;_;Aspect=Perf|Mood=Ind|Number=Plur|Person=2|Tense=Fut|VerbForm=Fin|Voice=Act;_;_;_;@vvp1934-words#@vvp1934#1073.249#1073.632
413;что;что;SCONJ;_;_;_;_;_;@vvp1934-words#@vvp1934#1073.632#1074.015
414;они;они;PRON;_;Case=Nom|Number=Plur|Person=3;_;_;_;@vvp1934-words#@vvp1934#1074.015#1074.398
415;не;не;PART;_;_;_;_;_;@vvp1934-words#@vvp1934#1074.398#1074.781
416;очень;очень;ADV;_;Degree=Pos;_;_;_;@vvp1934-words#@vvp1934#1074.781#1075.164
417;#одновременно#;#одновременно#;X;_;_;_;_;_;@vvp1934-words#@vvp1934#1075.164#1075.55
418;так;так;PART;_;_;_;_;_;@vvp1934-words#@vvp1934#1077.4#1077.9
419;ну;ну;PART;_;_;_;_;_;@vvp1934-words#@vvp1934#1080.3#1080.6
420;естественно;естественный;ADV;_;Degree=Pos;_;_;_;@vvp1934-words#@vvp1934#1081.4#1081.9
421;так;так;PART;_;_;_;_;_;@vvp1934-words#@vvp1934#1086.8#1087.1
422;#цокает#;#цокает#;X;_;_;_;_;_;@vvp1934-words#@vvp1934#1097.2#1097.4
423;/;/;PUNCT;_;_;_;_;_;@vvp1934-words#@vvp1934#1097.4#1097.6
424;ну;ну;PART;_;_;_;_;_;@vvp1934-words#@vvp1934#1097.6#1097.8
425;да;да;PART;_;_;_;_;_;@vvp1934-words#@vvp1934#1097.8#1098.0
426;ну;ну;PART;_;_;_;_;_;@ztr1976-words#@ztr1976#797.2#797.488
427;лучшие;лучший;ADJ;_;Case=Nom|Degree=Pos|Number=Plur;_;_;_;@ztr1976-words#@ztr1976#797.488#797.776
428;песни;песня;NOUN;_;Animacy=Inan|Case=Nom|Gender=Fem|Number=Plur;_;_;_;@ztr1976-words#@ztr1976#797.776#798.064
429;получаются;получаться;VERB;_;Aspect=Imp|Mood=Ind|Number=Plur|Person=3|Tense=Pres|VerbForm=Fin|Voice=Mid;_;_;_;@ztr1976-words#@ztr1976#798.064#798.352
430;когда;когда;SCONJ;_;_;_;_;_;@ztr1976-words#@ztr1976#798.352#798.64
431;ты;ты;PRON;_;Case=Nom|Number=Sing|Person=2;_;_;_;@ztr1976-words#@ztr1976#798.64#798.928
432;сразу;сразу;ADV;_;Degree=Pos;_;_;_;@ztr1976-words#@ztr1976#798.928#799.216
433;/;/;PUNCT;_;_;_;_;_;@ztr1976-words#@ztr1976#799.216#799.504
434;когда;когда;SCONJ;_;_;_;_;_;@ztr1976-words#@ztr1976#799.504#799.792
435;к;к;ADP;_;_;_;_;_;@ztr1976-words#@ztr1976#799.792#800.08
436;тебе;ты;PRON;_;Case=Dat|Number=Sing|Person=2;_;_;_;@ztr1976-words#@ztr1976#800.08#800.368
437;приходит;приходить;VERB;_;Aspect=Imp|Mood=Ind|Number=Sing|Person=3|Tense=Pres|VerbForm=Fin|Voice=Act;_;_;_;@ztr1976-words#@ztr1976#800.368#800.656
438;/;/;PUNCT;_;_;_;_;_;@ztr1976-words#@ztr1976#800.656#800.944
439;ээ;ээ;INTJ;_;_;_;_;_;@ztr1976-words#@ztr1976#800.944#801.232
440;/;/;PUNCT;_;_;_;_;_;@ztr1976-words#@ztr1976#801.232#801.52
441;сразу;сразу;ADV;_;Degree=Pos;_;_;_;@ztr1976-words#@ztr1976#801.52#801.808
442;/;/;PUNCT;_;_;_;_;_;@ztr1976-words#@ztr1976#801.808#802.096
443;э;э;INTJ;_;_;_;_;_;@ztr1976-words#@ztr1976#802.096#802.384
444;/;/;PUNCT;_;_;_;_;_;@ztr1976-words#@ztr1976#802.384#802.672
445;мелодическая;мелодический;ADJ;_;Case=Nom|Degree=Pos|Gender=Fem|Number=Sing;_;_;_;@ztr1976-words#@ztr1976#802.672#802.96
446;/;/;PUNCT;_;_;_;_;_;@ztr1976-words#@ztr1976#802.96#803.248
447;строчка;строчка;NOUN;_;Animacy=Inan|Case=Nom|Gender=Fem|Number=Sing;_;_;_;@ztr1976-words#@ztr1976#803.248#803.536
448;вместе;вместе;ADV;_;Degree=Pos;_;_;_;@ztr1976-words#@ztr1976#803.536#803.824
449;с;с;ADP;_;_;_;_;_;@ztr1976-words#@ztr1976#803.824#804.112
450;текстом;текст;NOUN;_;Animacy=Inan|Case=Ins|Gender=Masc|Number=Sing;_;_;_;@ztr1976-words#@ztr1976#804.112#804.4
451;это;это;PRON;_;Animacy=Inan|Case=Nom|Gender=Neut|Number=Sing;_;_;_;@ztr1976-words#@ztr1976#805.0#805.295
452;может;может;VERB;_;Aspect=Imp|Mood=Ind|Number=Sing|Person=1|Tense=Pres|VerbForm=Fin|Voice=Act;_;_;_;@ztr1976-words#@ztr1976#805.295#805.59
453;быть;быть;VERB;_;Aspect=Imp|VerbForm=Inf|Voice=Act;_;_;_;@ztr1976-words#@ztr1976#805.59#805.885
454;одна;один;NUM;_;Case=Nom|Gender=Fem;_;_;_;@ztr1976-words#@ztr1976#805.885#806.18
455;строчка;строчка;NOUN;_;Animacy=Anim|Case=Nom|Gender=Fem|Number=Sing;_;_;_;@ztr1976-words#@ztr1976#806.18#806.475
456;/;/;PUNCT;_;_;_;_;_;@ztr1976-words#@ztr1976#806.475#806.77
457;ну;ну;PART;_;_;_;_;_;@ztr1976-words#@ztr1976#806.77#807.065
458;может;мочь;VERB;_;Aspect=Imp|Mood=Ind|Number=Sing|Person=3|Tense=Pres|VerbForm=Fin|Voice=Act;_;_;_;@ztr1976-words#@ztr1976#807.065#807.36
459;быть;быть;VERB;_;Aspect=Imp|VerbForm=Inf|Voice=Act;_;_;_;@ztr1976-words#@ztr1976#807.36#807.655
460;сразу;сразу;ADV;_;Degree=Pos;_;_;_;@ztr1976-words#@ztr1976#807.655#807.95
461;четыре;четыре;NUM;_;Animacy=Inan|Case=Acc;_;_;_;@ztr1976-words#@ztr1976#807.95#808.25
462;#цокает#;#цокает#;X;_;_;_;_;_;@ztr1976-words#@ztr1976#809.7#809.947
463;и;и;CCONJ;_;_;_;_;_;@ztr1976-words#@ztr1976#809.947#810.194
464;получаются;получаться;VERB;_;Aspect=Imp|Mood=Ind|Number=Plur|Person=3|Tense=Pres|VerbForm=Fin|Voice=Mid;_;_;_;@ztr1976-words#@ztr1976#810.194#810.441
465;лучшие;лучший;ADJ;_;Case=Nom|Degree=Pos|Number=Plur;_;_;_;@ztr1976-words#@ztr1976#810.441#810.688
466;песни;песня;NOUN;_;Animacy=Inan|Case=Nom|Gender=Fem|Number=Plur;_;_;_;@ztr1976-words#@ztr1976#810.688#810.935
467;/;/;PUNCT;_;_;_;_;_;@ztr1976-words#@ztr1976#810.935#811.182
468;ну;ну;PART;_;_;_;_;_;@ztr1976-words#@ztr1976#811.182#811.429
469;лучшие;лучший;ADJ;_;Case=Nom|Degree=Pos|Number=Plur;_;_;_;@ztr1976-words#@ztr1976#811.429#811.676
470;песни;песня;NOUN;_;Animacy=Inan|Case=Nom|Gender=Fem|Number=Plur;_;_;_;@ztr1976-words#@ztr1976#811.676#811.923
471;те;тот;DET;_;Case=Nom|Number=Plur;_;_;_;@ztr1976-words#@ztr1976#811.923#812.17
472;которые;который;PRON;_; Case=Nom;_;_;_;@ztr1976-words#@ztr1976#812.17#812.417
473;ты;ты;PRON;_;Case=Nom|Number=Sing|Person=2;_;_;_;@ztr1976-words#@ztr1976#812.417#812.664
474;написал;писать;VERB;_;Aspect=Perf|Gender=Masc|Mood=Ind|Number=Sing|Tense=Past|VerbForm=Fin|Voice=Act;_;_;_;@ztr1976-words#@ztr1976#812.664#812.911
475;очень;очень;ADV;_;Degree=Pos;_;_;_;@ztr1976-words#@ztr1976#812.911#813.158
476;быстро;быстро;ADV;_;Degree=Pos;_;_;_;@ztr1976-words#@ztr1976#813.158#813.405
477;/;/;PUNCT;_;_;_;_;_;@ztr1976-words#@ztr1976#813.405#813.652
478;за;за;ADP;_;_;_;_;_;@ztr1976-words#@ztr1976#813.652#813.899
479;пять;пять;NUM;_;Case=Acc;_;_;_;@ztr1976-words#@ztr1976#813.899#814.146
480;минут;минута;NOUN;_;Animacy=Inan|Case=Gen|Gender=Fem|Number=Plur;_;_;_;@ztr1976-words#@ztr1976#814.146#814.4
481;да;да;CCONJ;_;_;_;_;_;@ztr1976-words#@ztr1976#836.4#836.55
482;да;да;PART;_;_;_;_;_;@ztr1976-words#@ztr1976#837.5#837.65
483;ну;ну;PART;_;_;_;_;_;@ztr1976-words#@ztr1976#845.3#845.566
484;конечно;конечно;ADV;_;Degree=Pos;_;_;_;@ztr1976-words#@ztr1976#845.566#845.832
485;слова;слово;NOUN;_;Animacy=Inan|Case=Nom|Gender=Neut|Number=Plur;_;_;_;@ztr1976-words#@ztr1976#845.832#846.1
486;конечно;конечно;ADV;_;Degree=Pos;_;_;_;@ztr1976-words#@ztr1976#846.5#847.1
487;бард;бард;NOUN;_;Animacy=Inan|Case=Nom|Gender=Masc|Number=Sing;_;_;_;@ztr1976-words#@ztr1976#850.5#850.863
488;он;он;PRON;_;Case=Nom|Gender=Masc|Number=Sing|Person=3;_;_;_;@ztr1976-words#@ztr1976#850.863#851.226
489;вообще;вообще;ADV;_;Degree=Pos;_;_;_;@ztr1976-words#@ztr1976#851.226#851.589
490;не;не;PART;_;_;_;_;_;@ztr1976-words#@ztr1976#851.589#851.952
491;предполагает;предполагать;VERB;_;Aspect=Imp|Mood=Ind|Number=Sing|Person=3|Tense=Pres|VerbForm=Fin|Voice=Act;_;_;_;@ztr1976-words#@ztr1976#851.952#852.315
492;/;/;PUNCT;_;_;_;_;_;@ztr1976-words#@ztr1976#852.315#852.678
493;к;какой-то;DET;_;Case=Gen|Number=Plur;_;_;_;@ztr1976-words#@ztr1976#852.678#853.041
494;/;/;PUNCT;_;_;_;_;_;@ztr1976-words#@ztr1976#853.041#853.404
495;каких-то;какой-то;DET;_;Case=Gen|Number=Plur;_;_;_;@ztr1976-words#@ztr1976#853.404#853.767
496;музыкальных;музыкальный;ADJ;_;Case=Gen|Degree=Pos|Number=Plur;_;_;_;@ztr1976-words#@ztr1976#853.767#854.13
497;феерий;феерия;NOUN;_;Animacy=Inan|Case=Gen|Gender=Fem|Number=Plur;_;_;_;@ztr1976-words#@ztr1976#854.13#854.5
498;но;но;CCONJ;_;_;_;_;_;@ztr1976-words#@ztr1976#856.4#856.65
499;я;я;PRON;_;Case=Nom|Number=Sing|Person=1;_;_;_;@ztr1976-words#@ztr1976#856.65#856.9
500;не;не;PART;_;_;_;_;_;@ztr1976-words#@ztr1976#856.9#857.15
501;могу;мочь;VERB;_;Aspect=Imp|Mood=Ind|Number=Sing|Person=1|Tense=Pres|VerbForm=Fin|Voice=Act;_;_;_;@ztr1976-words#@ztr1976#857.15#857.4
502;к;к;ADP;_;_;_;_;_;@ztr1976-words#@ztr1976#857.4#857.65
503;себе;себя;PRON;_;Case=Dat;_;_;_;@ztr1976-words#@ztr1976#857.65#857.9
504;относиться;относиться;VERB;_;Aspect=Imp|VerbForm=Inf|Voice=Mid;_;_;_;@ztr1976-words#@ztr1976#857.9#858.15
505;серьёзно;серьёзно;ADV;_;Degree=Pos;_;_;_;@ztr1976-words#@ztr1976#858.15#858.4
506;[нрзб];[нрзб];X;_;_;_;_;_;@ztr1976-words#@ztr1976#858.5#858.706
507;я;я;PRON;_;Case=Nom|Number=Sing|Person=1;_;_;_;@ztr1976-words#@ztr1976#858.706#858.912
508;не;не;PART;_;_;_;_;_;@ztr1976-words#@ztr1976#858.912#859.118
509;отношусь;относиться;VERB;_;Aspect=Imp|Mood=Ind|Number=Sing|Person=1|Tense=Pres|VerbForm=Fin|Voice=Mid;_;_;_;@ztr1976-words#@ztr1976#859.118#859.324
510;к;к;ADP;_;_;_;_;_;@ztr1976-words#@ztr1976#859.324#859.53
511;себе;себя;PRON;_;Case=Dat;_;_;_;@ztr1976-words#@ztr1976#859.53#859.736
512;серьёзно;серьёзно;ADV;_;Degree=Pos;_;_;_;@ztr1976-words#@ztr1976#859.736#859.942
513;как;как;SCONJ;_;_;_;_;_;@ztr1976-words#@ztr1976#859.942#860.148
514;/;/;PUNCT;_;_;_;_;_;@ztr1976-words#@ztr1976#860.148#860.354
515;э;э;INTJ;_;_;_;_;_;@ztr1976-words#@ztr1976#860.354#860.56
516;/;/;PUNCT;_;_;_;_;_;@ztr1976-words#@ztr1976#860.56#860.766
517;я;я;PRON;_;Case=Nom|Number=Sing|Person=1;_;_;_;@ztr1976-words#@ztr1976#860.766#860.972
518;не;не;PART;_;_;_;_;_;@ztr1976-words#@ztr1976#860.972#861.178
519;считаю;считать;VERB;_;Aspect=Imp|Mood=Ind|Number=Sing|Person=1|Tense=Pres|VerbForm=Fin|Voice=Mid;_;_;_;@ztr1976-words#@ztr1976#861.178#861.384
520;себя;себя;PRON;_;Case=Acc;_;_;_;@ztr1976-words#@ztr1976#861.384#861.6
521;поэтом;поэтом;NOUN;_;Animacy=Anim|Case=Ins|Gender=Masc|Number=Sing;_;_;_;@ztr1976-words#@ztr1976#863.0#863.55
522;да;да;PART;_;_;_;_;_;@ztr1976-words#@ztr1976#865.1#865.4
523;да;да;PART;_;_;_;_;_;@ztr1976-words#@ztr1976#866.7#866.907
524;/;/;PUNCT;_;_;_;_;_;@ztr1976-words#@ztr1976#866.907#867.114
525;но;но;CCONJ;_;_;_;_;_;@ztr1976-words#@ztr1976#867.114#867.321
526;я;я;PRON;_;Case=Nom|Number=Sing|Person=1;_;_;_;@ztr1976-words#@ztr1976#867.321#867.528
527;не;не;PART;_;_;_;_;_;@ztr1976-words#@ztr1976#867.528#867.735
528;считаю;считать;VERB;_;Aspect=Imp|Mood=Ind|Number=Sing|Person=1|Tense=Pres|VerbForm=Fin|Voice=Mid;_;_;_;@ztr1976-words#@ztr1976#867.735#867.942
529;себя;себя;PRON;_;Case=Acc;_;_;_;@ztr1976-words#@ztr1976#867.942#868.149
530;поэтом;поэт;NOUN;_;Animacy=Anim|Case=Ins|Gender=Masc|Number=Sing;_;_;_;@ztr1976-words#@ztr1976#868.149#868.356
531;/;/;PUNCT;_;_;_;_;_;@ztr1976-words#@ztr1976#868.356#868.563
532;я;я;PRON;_;Case=Nom|Number=Sing|Person=1;_;_;_;@ztr1976-words#@ztr1976#868.563#868.77
533;пишу;писать;VERB;_;Aspect=Imp|Mood=Ind|Number=Sing|Person=1|Tense=Pres|VerbForm=Fin|Voice=Act;_;_;_;@ztr1976-words#@ztr1976#868.77#868.977
534;именно;именно;PART;_;_;_;_;_;@ztr1976-words#@ztr1976#868.977#869.184
535;что;что;SCONJ;_;_;_;_;_;@ztr1976-words#@ztr1976#869.184#869.391
536;тексты;текст;NOUN;_;Animacy=Inan|Case=Acc|Gender=Masc|Number=Plur;_;_;_;@ztr1976-words#@ztr1976#869.391#869.6
537;ммм;ммм;INTJ;_;_;_;_;_;@ztr1976-words#@ztr1976#871.5#871.811
538;/;/;PUNCT;_;_;_;_;_;@ztr1976-words#@ztr1976#871.811#872.122
539;не;не;PART;_;_;_;_;_;@ztr1976-words#@ztr1976#872.122#872.433
540;оцениваю;оценивать;VERB;_;Aspect=Imp|Mood=Ind|Number=Sing|Person=1|Tense=Pres|VerbForm=Fin|Voice=Act;_;_;_;@ztr1976-words#@ztr1976#872.433#872.744
541;свои;свой;DET;_;Case=Acc|Number=Plur;_;_;_;@ztr1976-words#@ztr1976#872.744#873.055
542;тексты;текст;NOUN;_;Animacy=Inan|Case=Acc|Gender=Masc|Number=Plur;_;_;_;@ztr1976-words#@ztr1976#873.055#873.366
543;/;/;PUNCT;_;_;_;_;_;@ztr1976-words#@ztr1976#873.366#873.677
544;как;как;SCONJ;_;_;_;_;_;@ztr1976-words#@ztr1976#873.677#873.988
545;поэзию;поэзия;NOUN;_;Animacy=Inan|Case=Acc|Gender=Fem|Number=Sing;_;_;_;@ztr1976-words#@ztr1976#873.988#874.3
546;да;да;PART;_;_;_;_;_;@ztr1976-words#@ztr1976#875.15#875.3
547;поэтому;поэтому;ADV;_;Degree=Pos;_;_;_;@ztr1976-words#@ztr1976#877.2#877.488
548;/;/;PUNCT;_;_;_;_;_;@ztr1976-words#@ztr1976#877.488#877.776
549;мм;мм;INTJ;_;_;_;_;_;@ztr1976-words#@ztr1976#877.776#878.064
550;/;/;PUNCT;_;_;_;_;_;@ztr1976-words#@ztr1976#878.064#878.352
551;ну;ну;PART;_;_;_;_;_;@ztr1976-words#@ztr1976#878.352#878.64
552;и;и;CCONJ;_;_;_;_;_;@ztr1976-words#@ztr1976#878.64#878.928
553;музыкой;музыка;NOUN;_;Animacy=Inan|Case=Ins|Gender=Fem|Number=Sing;_;_;_;@ztr1976-words#@ztr1976#878.928#879.216
554;мне;я;PRON;_;Case=Dat|Number=Sing|Person=1;_;_;_;@ztr1976-words#@ztr1976#879.216#879.504
555;заниматься;заниматься;VERB;_;Aspect=Imp|VerbForm=Inf|Voice=Mid;_;_;_;@ztr1976-words#@ztr1976#879.504#879.792
556;не;не;PART;_;_;_;_;_;@ztr1976-words#@ztr1976#879.792#880.08
557;то;то;PRON;_;Animacy=Inan|Case=Nom|Gender=Neut|Number=Sing;_;_;_;@ztr1976-words#@ztr1976#880.08#880.368
558;чтобы;чтобы;SCONJ;_;_;_;_;_;@ztr1976-words#@ztr1976#880.368#880.656
559;легче;легкий;ADJ;_;Degree=Cmp;_;_;_;@ztr1976-words#@ztr1976#880.656#880.944
560;/;/;PUNCT;_;_;_;_;_;@ztr1976-words#@ztr1976#880.944#881.232
561;а;а;CCONJ;_;_;_;_;_;@ztr1976-words#@ztr1976#881.232#881.52
562;просто;просто;PART;_;_;_;_;_;@ztr1976-words#@ztr1976#881.52#881.808
563;понятнее;понятный;ADJ;_;Degree=Cmp;_;_;_;@ztr1976-words#@ztr1976#881.808#882.1
564;потому;потому;ADV;_;Degree=Pos;_;_;_;@ztr1976-words#@ztr1976#883.75#884.109
565;что;что;SCONJ;_;_;_;_;_;@ztr1976-words#@ztr1976#884.109#884.468
566;ммм;ммм;INTJ;_;_;_;_;_;@ztr1976-words#@ztr1976#884.468#884.827
567;музыкой;музыка;NOUN;_;Animacy=Inan|Case=Ins|Gender=Fem|Number=Sing;_;_;_;@ztr1976-words#@ztr1976#884.827#885.186
568;я;я;PRON;_;Case=Nom|Number=Sing|Person=1;_;_;_;@ztr1976-words#@ztr1976#885.186#885.545
569;могу;мочь;VERB;_;Aspect=Imp|Mood=Ind|Number=Sing|Person=1|Tense=Pres|VerbForm=Fin|Voice=Act;_;_;_;@ztr1976-words#@ztr1976#885.545#885.904
570;заниматься;заниматься;VERB;_;Aspect=Imp|VerbForm=Inf|Voice=Mid;_;_;_;@ztr1976-words#@ztr1976#885.904#886.263
571;в;в;ADP;_;_;_;_;_;@ztr1976-words#@ztr1976#886.263#886.622
572;качестве;качество;NOUN;_;Animacy=Inan|Case=Loc|Gender=Neut|Number=Sing;_;_;_;@ztr1976-words#@ztr1976#886.622#886.981
573;хобби;хобби;NOUN;_;Animacy=Inan|Case=Gen|Gender=Neut|Number=Sing;_;_;_;@ztr1976-words#@ztr1976#886.981#887.34
574;чтобы;чтобы;SCONJ;_;Mood=Cnd;_;_;_;@ztr1976-words#@ztr1976#887.34#887.699
575;успокоиться;успокоиться;VERB;_;Aspect=Perf|VerbForm=Inf|Voice=Mid;_;_;_;@ztr1976-words#@ztr1976#887.699#888.058
576;/;/;PUNCT;_;_;_;_;_;@ztr1976-words#@ztr1976#888.058#888.417
577;мм;мм;INTJ;_;_;_;_;_;@ztr1976-words#@ztr1976#888.417#888.776
578;/;/;PUNCT;_;_;_;_;_;@ztr1976-words#@ztr1976#888.776#889.135
579;просто;просто;PART;_;_;_;_;_;@ztr1976-words#@ztr1976#889.135#889.494
580;что-то;что-то;PRON;_;Case=Acc;_;_;_;@ztr1976-words#@ztr1976#889.494#889.853
581;записывать;записывать;VERB;_;Aspect=Imp|VerbForm=Inf|Voice=Act;_;_;_;@ztr1976-words#@ztr1976#889.853#890.212
582;наигрывать;наигрывать;VERB;_;Aspect=Imp|VerbForm=Inf|Voice=Act;_;_;_;@ztr1976-words#@ztr1976#890.212#890.571
583;настукивать;настукивать;VERB;_;Aspect=Imp|VerbForm=Inf|Voice=Act;_;_;_;@ztr1976-words#@ztr1976#890.571#890.93
584;/;/;PUNCT;_;_;_;_;_;@ztr1976-words#@ztr1976#890.93#891.289
585;а;а;CCONJ;_;_;_;_;_;@ztr1976-words#@ztr1976#891.289#891.648
586;поэзия;поэзия;NOUN;_;Animacy=Inan|Case=Gen|Gender=Neut|Number=Sing;_;_;_;@ztr1976-words#@ztr1976#891.648#892.007
587;это;это;PRON;_;Animacy=Inan|Case=Nom|Gender=Neut|Number=Sing;_;_;_;@ztr1976-words#@ztr1976#892.007#892.366
588;ну;ну;PART;_;_;_;_;_;@ztr1976-words#@ztr1976#892.366#892.725
589;[нрзб];[нрзб];X;_;_;_;_;_;@ztr1976-words#@ztr1976#892.725#893.084
590;/;/;PUNCT;_;_;_;_;_;@ztr1976-words#@ztr1976#893.084#893.443
591;а;а;CCONJ;_;_;_;_;_;@ztr1976-words#@ztr1976#893.443#893.802
592;в;в;ADP;_;_;_;_;_;@ztr1976-words#@ztr1976#893.802#894.161
593;/;/;PUNCT;_;_;_;_;_;@ztr1976-words#@ztr1976#894.161#894.52
594;вер...;вернее;ADV;_;_;_;_;_;@ztr1976-words#@ztr1976#894.52#894.879
595;вернее;вернее;ADV;_;_;_;_;_;@ztr1976-words#@ztr1976#894.879#895.238
596;а;а;CCONJ;_;_;_;_;_;@ztr1976-words#@ztr1976#895.238#895.597
597;тексты;текст;NOUN;_;Animacy=Inan|Case=Nom|Gender=Masc|Number=Plur;_;_;_;@ztr1976-words#@ztr1976#895.597#895.956
598;/;/;PUNCT;_;_;_;_;_;@ztr1976-words#@ztr1976#895.956#896.315
599;мне;я;PRON;_;Case=Dat|Number=Sing|Person=1;_;_;_;@ztr1976-words#@ztr1976#896.315#896.674
600;нужно;нужно;PRED;_;_;_;_;_;@ztr1976-words#@ztr1976#896.674#897.033
601;написать;написать;VERB;_;Aspect=Perf|VerbForm=Inf|Voice=Act;_;_;_;@ztr1976-words#@ztr1976#897.033#897.392
602;определённый;определённый;ADJ;_;Animacy=Inan|Case=Acc|Degree=Pos|Gender=Masc|Number=Sing;_;_;_;@ztr1976-words#@ztr1976#897.392#897.751
603;текст;текст;NOUN;_;Animacy=Inan|Case=Acc|Gender=Masc|Number=Sing;_;_;_;@ztr1976-words#@ztr1976#897.751#898.11
604;/;/;PUNCT;_;_;_;_;_;@ztr1976-words#@ztr1976#898.11#898.469
605;это;это;SCONJ;_;_;_;_;_;@ztr1976-words#@ztr1976#898.469#898.828
606;скорее;скорее;ADV;_;Degree=Pos;_;_;_;@ztr1976-words#@ztr1976#898.828#899.187
607;труд;труд;NOUN;_;Animacy=Inan|Case=Nom|Gender=Masc|Number=Sing;_;_;_;@ztr1976-words#@ztr1976#899.187#899.55
608;да;да;CCONJ;_;_;_;_;_;@ztr1976-words#@ztr1976#936.9#937.175
609;вы;вы;PRON;_;Case=Nom|Number=Plur|Person=2;_;_;_;@ztr1976-words#@ztr1976#937.175#937.45
610;очень;очень;ADV;_;Degree=Pos;_;_;_;@ztr1976-words#@ztr1976#937.45#937.725
611;сиюминутные;сиюминутный;ADJ;_;Animacy=Inan|Case=Acc|Degree=Pos|Number=Plur;_;_;_;@ztr1976-words#@ztr1976#937.725#938.0
612;и;и;CCONJ;_;_;_;_;_;@ztr1976-words#@ztr1976#971.8#972.0
613;вообще;вообще;ADV;_;Degree=Pos;_;_;_;@ztr1976-words#@ztr1976#972.0#972.2
614;думаете;думать;VERB;_;Aspect=Imp|Mood=Ind|Number=Plur|Person=2|Tense=Pres|VerbForm=Fin|Voice=Act;_;_;_;@ztr1976-words#@ztr1976#972.2#972.4
615;ли;ли;SCONJ;_;_;_;_;_;@ztr1976-words#@ztr1976#972.4#972.6
616;вы;вы;PRON;_;Case=Nom|Number=Plur|Person=2;_;_;_;@ztr1976-words#@ztr1976#972.6#972.8
617;#смеётся#;#смеётся#;X;_;_;_;_;_;@ztr1976-words#@ztr1976#974.032#975.77
618;я;я;PRON;_;Case=Nom|Number=Sing|Person=1;_;_;_;@ztr1976-words#@ztr1976#976.6#976.733
619;не;не;PART;_;_;_;_;_;@ztr1976-words#@ztr1976#976.733#976.866
620;думаю;думать;VERB;_;Aspect=Imp|Mood=Ind|Number=Sing|Person=1|Tense=Pres|VerbForm=Fin|Voice=Act;_;_;_;@ztr1976-words#@ztr1976#976.866#977.0
621;абсолютно;абсолютно;ADV;_;Degree=Pos;_;_;_;@ztr1976-words#@ztr1976#977.8#978.35
622;искренне;искренне;ADV;_;Degree=Pos;_;_;_;@ztr1976-words#@ztr1976#978.35#978.9
623;нет;нет;PART;_;_;_;_;_;@ztr1976-words#@ztr1976#981.1#981.342
624;/;/;PUNCT;_;_;_;_;_;@ztr1976-words#@ztr1976#981.342#981.584
625;просто;просто;PART;_;_;_;_;_;@ztr1976-words#@ztr1976#981.584#981.826
626;я;я;PRON;_;Case=Nom|Number=Sing|Person=1;_;_;_;@ztr1976-words#@ztr1976#981.826#982.068
627;сама;сам;ADJ;_;Case=Nom|Degree=Pos|Gender=Fem|Number=Sing;_;_;_;@ztr1976-words#@ztr1976#982.068#982.31
628;себе;себя;PRON;_;Case=Dat;_;_;_;@ztr1976-words#@ztr1976#982.31#982.552
629;скорее;скорее;ADV;_;Degree=Pos;_;_;_;@ztr1976-words#@ztr1976#982.552#982.8
630;сказала;сказать;VERB;_;Aspect=Perf|Gender=Fem|Mood=Ind|Number=Sing|Tense=Past|VerbForm=Fin|Voice=Act;_;_;_;@ztr1976-words#@ztr1976#983.1#983.8
631;сложно;сложно;ADV;_;Degree=Pos;_;_;_;@ztr1976-words#@ztr1976#990.5#990.925
632;судить;судить;VERB;_;Aspect=Imp|VerbForm=Inf|Voice=Act;_;_;_;@ztr1976-words#@ztr1976#990.925#991.35
633;ээ;ээ;INTJ;_;_;_;_;_;@ztr1976-words#@ztr1976#991.5#991.966
634;аа;аa;INTJ;_;_;_;_;_;@ztr1976-words#@ztr1976#991.966#992.432
635;но;но;CCONJ;_;_;_;_;_;@ztr1976-words#@ztr1976#992.432#992.898
636;по;по;ADP;_;_;_;_;_;@ztr1976-words#@ztr1976#992.898#993.364
637;меньшей;меньший;ADJ;_;Case=Dat|Degree=Pos|Gender=Fem|Number=Sing;_;_;_;@ztr1976-words#@ztr1976#993.364#993.83
638;мере;мера;NOUN;_;Animacy=Inan|Case=Dat|Gender=Fem|Number=Sing;_;_;_;@ztr1976-words#@ztr1976#993.83#994.296
639;это;это;PRON;_;Animacy=Inan|Case=Nom|Gender=Neut|Number=Sing;_;_;_;@ztr1976-words#@ztr1976#994.296#994.762
640;очень;очень;ADV;_;Degree=Pos;_;_;_;@ztr1976-words#@ztr1976#994.762#995.228
641;#откашливается#;#откашливается#;X;_;_;_;_;_;@ztr1976-words#@ztr1976#995.228#995.7
642;правдиво;правдивый;ADV;_;Degree=Pos|Gender=Neut|Number=Sing|Variant=Short;_;_;_;@ztr1976-words#@ztr1976#996.5#996.843
643;/;/;PUNCT;_;_;_;_;_;@ztr1976-words#@ztr1976#996.843#997.186
644;очень;очень;ADV;_;Degree=Pos;_;_;_;@ztr1976-words#@ztr1976#997.186#997.529
645;правдиво;правдивый;ADJ;_;Degree=Pos|Gender=Neut|Number=Sing|Variant=Short;_;_;_;@ztr1976-words#@ztr1976#997.529#997.872
646;по;по;ADP;_;_;_;_;_;@ztr1976-words#@ztr1976#997.872#998.215
647;отношению;отношение;NOUN;_;Animacy=Inan|Case=Dat|Gender=Neut|Number=Sing;_;_;_;@ztr1976-words#@ztr1976#998.215#998.558
648;к;к;ADP;_;_;_;_;_;@ztr1976-words#@ztr1976#998.558#998.901
649;профессии;профессия;NOUN;_;Animacy=Inan|Case=Dat|Gender=Fem|Number=Sing;_;_;_;@ztr1976-words#@ztr1976#998.901#999.25
650;я;я;PRON;_;Case=Nom|Number=Sing|Person=1;_;_;_;@ztr1976-words#@ztr1976#1000.0#1000.323
651;не;не;PART;_;_;_;_;_;@ztr1976-words#@ztr1976#1000.323#1000.646
652;подстраиваюсь;подстраиваться;VERB;_;Aspect=Imp|Mood=Ind|Number=Sing|Person=1|Tense=Pres|VerbForm=Fin|Voice=Mid;_;_;_;@ztr1976-words#@ztr1976#1000.646#1000.969
653;ни;ни;CCONJ;_;_;_;_;_;@ztr1976-words#@ztr1976#1000.969#1001.292
654;под;под;ADP;_;_;_;_;_;@ztr1976-words#@ztr1976#1001.292#1001.615
655;формат;формат;NOUN;_;Animacy=Inan|Case=Acc|Gender=Masc|Number=Sing;_;_;_;@ztr1976-words#@ztr1976#1001.615#1001.938
656;/;/;PUNCT;_;_;_;_;_;@ztr1976-words#@ztr1976#1001.938#1002.261
657;ни;ни;CCONJ;_;_;_;_;_;@ztr1976-words#@ztr1976#1002.261#1002.584
658;под;под;ADP;_;_;_;_;_;@ztr1976-words#@ztr1976#1002.584#1002.907
659;что;что;PRON;_;Case=Acc;_;_;_;@ztr1976-words#@ztr1976#1002.907#1003.23
660;/;/;PUNCT;_;_;_;_;_;@ztr1976-words#@ztr1976#1003.23#1003.553
661;я;я;PRON;_;Case=Nom|Number=Sing|Person=1;_;_;_;@ztr1976-words#@ztr1976#1003.553#1003.876
662;/;/;PUNCT;_;_;_;_;_;@ztr1976-words#@ztr1976#1003.876#1004.199
663;пытаюсь;пытаться;VERB;_;Aspect=Imp|Mood=Ind|Number=Sing|Person=1|Tense=Pres|VerbForm=Fin|Voice=Mid;_;_;_;@ztr1976-words#@ztr1976#1004.199#1004.522
664;/;/;PUNCT;_;_;_;_;_;@ztr1976-words#@ztr1976#1004.522#1004.845
665;э;э;INTJ;_;_;_;_;_;@ztr1976-words#@ztr1976#1004.845#1005.168
666;/;/;PUNCT;_;_;_;_;_;@ztr1976-words#@ztr1976#1005.168#1005.491
667;действительно;действительно;ADV;_;Degree=Pos;_;_;_;@ztr1976-words#@ztr1976#1005.491#1005.814
668;писать;писать;VERB;_;Aspect=Imp|VerbForm=Inf|Voice=Act;_;_;_;@ztr1976-words#@ztr1976#1005.814#1006.137
669;/;/;PUNCT;_;_;_;_;_;@ztr1976-words#@ztr1976#1006.137#1006.46
670;тк...;так;ADV;_;Degree=Pos;_;_;_;@ztr1976-words#@ztr1976#1006.46#1006.783
671;шт...;чтобы;SCONJ;_;Mood=Cnd;_;_;_;@ztr1976-words#@ztr1976#1006.783#1007.106
672;так;так;ADV;_;Degree=Pos;_;_;_;@ztr1976-words#@ztr1976#1007.106#1007.429
673;чтобы;чтобы;SCONJ;_;Mood=Cnd;_;_;_;@ztr1976-words#@ztr1976#1007.429#1007.752
674;мне;я;PRON;_;Case=Dat|Number=Sing|Person=1;_;_;_;@ztr1976-words#@ztr1976#1007.752#1008.075
675;понравилось;понравиться;VERB;_;Aspect=Perf|Gender=Neut|Mood=Ind|Number=Sing|Tense=Past|VerbForm=Fin|Voice=Mid;_;_;_;@ztr1976-words#@ztr1976#1008.075#1008.4
676;достаточно;достаточно;ADV;_;Degree=Pos;_;_;_;@ztr1976-words#@ztr1976#1015.6#1015.95
677;давно;давно;ADV;_;Degree=Pos;_;_;_;@ztr1976-words#@ztr1976#1015.95#1016.3
678;десять;десять;NUM;_;Case=Nom;_;_;_;@ztr1976-words#@ztr1976#1016.7#1016.9
679;нет;нет;PART;_;_;_;_;_;@ztr1976-words#@ztr1976#1023.9#1024.205
680;/;/;PUNCT;_;_;_;_;_;@ztr1976-words#@ztr1976#1024.205#1024.51
681;я;я;PRON;_;Case=Nom|Number=Sing|Person=1;_;_;_;@ztr1976-words#@ztr1976#1024.51#1024.815
682;проучилась;проучиться;VERB;_;Aspect=Perf|Gender=Fem|Mood=Ind|Number=Sing|Tense=Past|VerbForm=Fin|Voice=Mid;_;_;_;@ztr1976-words#@ztr1976#1024.815#1025.12
683;/;/;PUNCT;_;_;_;_;_;@ztr1976-words#@ztr1976#1025.12#1025.425
684;[нрзб];[нрзб];X;_;_;_;_;_;@ztr1976-words#@ztr1976#1025.425#1025.73
685;сказать;сказать;VERB;_;Aspect=Perf|VerbForm=Inf|Voice=Act;_;_;_;@ztr1976-words#@ztr1976#1025.73#1026.035
686;сколько;сколько;NUM;_;_;_;_;_;@ztr1976-words#@ztr1976#1026.035#1026.34
687;?;?;PUNCT;_;_;_;_;_;@ztr1976-words#@ztr1976#1026.34#1026.65
688;первый;первый;ADJ;_;Animacy=Inan|Case=Acc|Degree=Pos|Gender=Masc|Number=Sing;_;_;_;@ztr1976-words#@ztr1976#1027.7#1027.95
689;семестр;семестр;NOUN;_;Animacy=Inan|Case=Acc|Gender=Masc|Number=Sing;_;_;_;@ztr1976-words#@ztr1976#1027.95#1028.2
690;я;я;PRON;_;Case=Nom|Number=Sing|Person=1;_;_;_;@ztr1976-words#@ztr1976#1031.3#1031.564
691;поехала;поехать;VERB;_;Aspect=Perf|Gender=Fem|Mood=Ind|Number=Sing|Tense=Past|VerbForm=Fin|Voice=Act;_;_;_;@ztr1976-words#@ztr1976#1031.564#1031.828
692;в;в;ADP;_;_;_;_;_;@ztr1976-words#@ztr1976#1031.828#1032.092
693;тур;тур;NOUN;_;Animacy=Inan|Case=Acc|Gender=Masc|Number=Sing;_;_;_;@ztr1976-words#@ztr1976#1032.092#1032.356
694;/;/;PUNCT;_;_;_;_;_;@ztr1976-words#@ztr1976#1032.356#1032.62
695;выпустила;выпустить;VERB;_;Aspect=Perf|Gender=Fem|Mood=Ind|Number=Sing|Tense=Past|VerbForm=Fin|Voice=Act;_;_;_;@ztr1976-words#@ztr1976#1032.62#1032.884
696;альбом;альбом;NOUN;_;Animacy=Inan|Case=Acc|Gender=Masc|Number=Sing;_;_;_;@ztr1976-words#@ztr1976#1032.884#1033.148
697;/;/;PUNCT;_;_;_;_;_;@ztr1976-words#@ztr1976#1033.148#1033.412
698;стала;стать;VERB;_;Aspect=Perf|Gender=Fem|Mood=Ind|Number=Sing|Tense=Past|VerbForm=Fin|Voice=Act;_;_;_;@ztr1976-words#@ztr1976#1033.412#1033.676
699;писать;писать;VERB;_;Aspect=Imp|VerbForm=Inf|Voice=Act;_;_;_;@ztr1976-words#@ztr1976#1033.676#1033.94
700;писать;писать;VERB;_;Aspect=Imp|VerbForm=Inf|Voice=Act;_;_;_;@ztr1976-words#@ztr1976#1033.94#1034.204
701;писать;писать;VERB;_;Aspect=Imp|VerbForm=Inf|Voice=Act;_;_;_;@ztr1976-words#@ztr1976#1034.204#1034.468
702;писать;писать;VERB;_;Aspect=Imp|VerbForm=Inf|Voice=Act;_;_;_;@ztr1976-words#@ztr1976#1034.468#1034.732
703;написала;писать;VERB;_;Aspect=Perf|Gender=Fem|Mood=Ind|Number=Sing|Tense=Past|VerbForm=Fin|Voice=Act;_;_;_;@ztr1976-words#@ztr1976#1034.732#1035.0
704;альбом;альбом;NOUN;_;Animacy=Inan|Case=Acc|Gender=Masc|Number=Sing;_;_;_;@ztr1976-words#@ztr1976#1036.55#1037.3
705;и;и;CCONJ;_;_;_;_;_;@ztr1976-words#@ztr1976#1037.9#1038.062
706;поехала;поехать;VERB;_;Aspect=Perf|Gender=Fem|Mood=Ind|Number=Sing|Tense=Past|VerbForm=Fin|Voice=Act;_;_;_;@ztr1976-words#@ztr1976#1038.062#1038.224
707;в;в;ADP;_;_;_;_;_;@ztr1976-words#@ztr1976#1038.224#1038.386
708;тур;тур;NOUN;_;Animacy=Inan|Case=Acc|Gender=Masc|Number=Sing;_;_;_;@ztr1976-words#@ztr1976#1038.386#1038.55
709;если;если;SCONJ;_;_;_;_;_;@ztr1976-words#@ztr1976#1039.2#1039.415
710;у;у;ADP;_;_;_;_;_;@ztr1976-words#@ztr1976#1039.415#1039.63
711;тебя;ты;PRON;_;Case=Gen|Number=Sing|Person=2;_;_;_;@ztr1976-words#@ztr1976#1039.63#1039.845
712;есть;быть;VERB;_;Aspect=Imp|Mood=Ind|Number=Sing|Person=3|Tense=Pres|VerbForm=Fin|Voice=Act;_;_;_;@ztr1976-words#@ztr1976#1039.845#1040.06
713;новая;новый;ADJ;_;Case=Nom|Degree=Pos|Gender=Fem|Number=Sing;_;_;_;@ztr1976-words#@ztr1976#1040.06#1040.275
714;песня;песня;NOUN;_;Animacy=Inan|Case=Nom|Gender=Fem|Number=Sing;_;_;_;@ztr1976-words#@ztr1976#1040.275#1040.49
715;ты;ты;PRON;_;Case=Nom|Number=Sing|Person=2;_;_;_;@ztr1976-words#@ztr1976#1040.49#1040.705
716;/;/;PUNCT;_;_;_;_;_;@ztr1976-words#@ztr1976#1040.705#1040.92
717;должен;должный;ADJ;_;Degree=Pos|Gender=Masc|Number=Sing|Variant=Short;_;_;_;@ztr1976-words#@ztr1976#1040.92#1041.135
718;ехать;ехать;VERB;_;Aspect=Imp|VerbForm=Inf|Voice=Act;_;_;_;@ztr1976-words#@ztr1976#1041.135#1041.35
719;и;и;CCONJ;_;_;_;_;_;@ztr1976-words#@ztr1976#1041.35#1041.565
720;играть;играть;VERB;_;Aspect=Imp|VerbForm=Inf|Voice=Act;_;_;_;@ztr1976-words#@ztr1976#1041.565#1041.78
721;их;они;PRON;_;Case=Acc|Number=Plur|Person=3;_;_;_;@ztr1976-words#@ztr1976#1041.78#1042.0
722;уже;уже;ADV;_;Degree=Pos;_;_;_;@ztr1976-words#@ztr1976#1043.8#1044.066
723;не;не;PART;_;_;_;_;_;@ztr1976-words#@ztr1976#1044.066#1044.332
724;вернулась;вернуться;VERB;_;Aspect=Perf|Gender=Fem|Mood=Ind|Number=Sing|Tense=Past|VerbForm=Fin|Voice=Mid;_;_;_;@ztr1976-words#@ztr1976#1044.332#1044.599
725;не;не;PART;_;_;_;_;_;@ztr1976-words#@ztr1976#1045.45#1045.669
726;вернулась;вернуться;VERB;_;Aspect=Perf|Gender=Fem|Mood=Ind|Number=Sing|Tense=Past|VerbForm=Fin|Voice=Mid;_;_;_;@ztr1976-words#@ztr1976#1045.669#1045.888
727;/;/;PUNCT;_;_;_;_;_;@ztr1976-words#@ztr1976#1045.888#1046.107
728;ну;ну;PART;_;_;_;_;_;@ztr1976-words#@ztr1976#1046.107#1046.326
729;потому;потому;ADV;_;Degree=Pos;_;_;_;@ztr1976-words#@ztr1976#1046.326#1046.545
730;что;что;SCONJ;_;_;_;_;_;@ztr1976-words#@ztr1976#1046.545#1046.764
731;я;я;PRON;_;Case=Nom|Number=Sing|Person=1;_;_;_;@ztr1976-words#@ztr1976#1046.764#1046.983
732;испытала;испытать;VERB;_;Aspect=Perf|Gender=Fem|Mood=Ind|Number=Sing|Tense=Past|VerbForm=Fin|Voice=Act;_;_;_;@ztr1976-words#@ztr1976#1046.983#1047.202
733;некоторое;некоторый;DET;_;Case=Acc|Gender=Neut|Number=Sing;_;_;_;@ztr1976-words#@ztr1976#1047.202#1047.421
734;разочарование;разочарование;NOUN;_;Animacy=Inan|Case=Acc|Gender=Neut|Number=Sing;_;_;_;@ztr1976-words#@ztr1976#1047.421#1047.64
735;да;да;PART;_;_;_;_;_;@ztr1976-words#@ztr1976#1048.8#1049.117
736;/;/;PUNCT;_;_;_;_;_;@ztr1976-words#@ztr1976#1049.117#1049.434
737;я;я;PRON;_;Case=Nom|Number=Sing|Person=1;_;_;_;@ztr1976-words#@ztr1976#1049.434#1049.751
738;поступила;поступить;VERB;_;Aspect=Perf|Gender=Fem|Mood=Ind|Number=Sing|Tense=Past|VerbForm=Fin|Voice=Act;_;_;_;@ztr1976-words#@ztr1976#1049.751#1050.068
739;м;м;INTJ;_;_;_;_;_;@ztr1976-words#@ztr1976#1050.068#1050.385
740;с;с;ADP;_;_;_;_;_;@ztr1976-words#@ztr1976#1050.385#1050.702
741;определённой;определенный;ADJ;_;Case=Ins|Degree=Pos|Gender=Fem|Number=Sing;_;_;_;@ztr1976-words#@ztr1976#1050.702#1051.019
742;целью;цель;NOUN;_;Animacy=Inan|Case=Ins|Gender=Fem|Number=Sing;_;_;_;@ztr1976-words#@ztr1976#1051.019#1051.336
743;/;/;PUNCT;_;_;_;_;_;@ztr1976-words#@ztr1976#1051.336#1051.653
744;я;я;PRON;_;Case=Nom|Number=Sing|Person=1;_;_;_;@ztr1976-words#@ztr1976#1051.653#1051.97
745;устала;устать;VERB;_;Aspect=Perf|Gender=Fem|Mood=Ind|Number=Sing|Tense=Past|VerbForm=Fin|Voice=Act;_;_;_;@ztr1976-words#@ztr1976#1051.97#1052.287
746;от;от;ADP;_;_;_;_;_;@ztr1976-words#@ztr1976#1052.287#1052.604
747;мм;мм;INTJ;_;_;_;_;_;@ztr1976-words#@ztr1976#1052.604#1052.921
748;музыкальной;музыкальный;ADJ;_;Case=Gen|Degree=Pos|Gender=Fem|Number=Sing;_;_;_;@ztr1976-words#@ztr1976#1052.921#1053.25
749;тусовки;тусовка;NOUN;_;Animacy=Inan|Case=Gen|Gender=Fem|Number=Sing;_;_;_;@ztr1976-words#@ztr1976#1054.3#1054.611
750;/;/;PUNCT;_;_;_;_;_;@ztr1976-words#@ztr1976#1054.611#1054.922
751;от;от;ADP;_;_;_;_;_;@ztr1976-words#@ztr1976#1054.922#1055.233
752;этих;этот;DET;_;Case=Gen|Number=Plur;_;_;_;@ztr1976-words#@ztr1976#1055.233#1055.544
753;разговоров;разговор;NOUN;_;Animacy=Inan|Case=Gen|Gender=Masc|Number=Plur;_;_;_;@ztr1976-words#@ztr1976#1055.544#1055.855
754;/;/;PUNCT;_;_;_;_;_;@ztr1976-words#@ztr1976#1055.855#1056.166
755;нуу;ну;ADV;_;Degree=Pos;_;_;_;@ztr1976-words#@ztr1976#1056.166#1056.477
756;они;они;PRON;_;Case=Nom|Number=Plur|Person=3;_;_;_;@ztr1976-words#@ztr1976#1056.477#1056.788
757;достаточно;достаточно;ADV;_;Degree=Pos;_;_;_;@ztr1976-words#@ztr1976#1056.788#1057.099
758;однотипны;однотипный;ADJ;_;Degree=Pos|Number=Plur|Variant=Short;_;_;_;@ztr1976-words#@ztr1976#1057.099#1057.41
759;/;/;PUNCT;_;_;_;_;_;@ztr1976-words#@ztr1976#1057.41#1057.721
760;скажем;сказать;VERB;_;Aspect=Perf|Mood=Ind|Number=Plur|Person=1|Tense=Fut|VerbForm=Fin|Voice=Act;_;_;_;@ztr1976-words#@ztr1976#1057.721#1058.032
761;так;так;ADV;_;Degree=Pos;_;_;_;@ztr1976-words#@ztr1976#1058.032#1058.35
762;мне;я;PRON;_;Case=Dat|Number=Sing|Person=1;_;_;_;@ztr1976-words#@ztr1976#1060.5#1060.75
763;/;/;PUNCT;_;_;_;_;_;@ztr1976-words#@ztr1976#1060.75#1061.0
764;мм;мм;INTJ;_;_;_;_;_;@ztr1976-words#@ztr1976#1061.0#1061.25
765;/;/;PUNCT;_;_;_;_;_;@ztr1976-words#@ztr1976#1061.25#1061.5
766;я;я;PRON;_;Case=Nom|Number=Sing|Person=1;_;_;_;@ztr1976-words#@ztr1976#1061.5#1061.75
767;стала;стать;VERB;_;Aspect=Perf|Gender=Fem|Mood=Ind|Number=Sing|Tense=Past|VerbForm=Fin|Voice=Act;_;_;_;@ztr1976-words#@ztr1976#1061.75#1062.0
768;испытывать;испытывать;VERB;_;Aspect=Imp|VerbForm=Inf|Voice=Act;_;_;_;@ztr1976-words#@ztr1976#1062.0#1062.25
769;потребность;потребность;NOUN;_;Animacy=Inan|Case=Acc|Gender=Fem|Number=Sing;_;_;_;@ztr1976-words#@ztr1976#1062.25#1062.5
770;ээ;ээ;INTJ;_;_;_;_;_;@ztr1976-words#@ztr1976#1062.5#1062.75
771;в;в;ADP;_;_;_;_;_;@ztr1976-words#@ztr1976#1062.75#1063.0
772;разговорах;разговор;NOUN;_;Animacy=Inan|Case=Loc|Gender=Masc|Number=Plur;_;_;_;@ztr1976-words#@ztr1976#1063.0#1063.25
773;/;/;PUNCT;_;_;_;_;_;@ztr1976-words#@ztr1976#1063.25#1063.5
774;с;с;ADP;_;_;_;_;_;@ztr1976-words#@ztr1976#1063.5#1063.75
775;умн...;умный;ADJ;_;Case=Ins|Degree=Pos|Number=Plur;_;_;_;@ztr1976-words#@ztr1976#1063.75#1064.0
776;ээ;ээ;INTJ;_;_;_;_;_;@ztr1976-words#@ztr1976#1064.0#1064.25
777;/;/;PUNCT;_;_;_;_;_;@ztr1976-words#@ztr1976#1064.25#1064.5
778;в;в;ADP;_;_;_;_;_;@ztr1976-words#@ztr1976#1064.5#1064.75
779;разговорах...;разговор;NOUN;_;Animacy=Inan|Case=Ins|Gender=Masc|Number=Plur;_;_;_;@ztr1976-words#@ztr1976#1064.75#1065.0
780;/;/;PUNCT;_;_;_;_;_;@ztr1976-words#@ztr1976#1065.0#1065.25
781;в;в;ADP;_;_;_;_;_;@ztr1976-words#@ztr1976#1065.25#1065.5
782;умных;умный;ADJ;_;Case=Loc|Degree=Pos|Number=Plur;_;_;_;@ztr1976-words#@ztr1976#1065.5#1065.75
783;разговорах;разговор;NOUN;_;Animacy=Inan|Case=Loc|Gender=Masc|Number=Plur;_;_;_;@ztr1976-words#@ztr1976#1065.75#1066.0
784;я;я;PRON;_;Case=Nom|Number=Sing|Person=1;_;_;_;@ztr1976-words#@ztr1976#1066.7#1067.015
785;поступила;поступить;VERB;_;Aspect=Perf|Gender=Fem|Mood=Ind|Number=Sing|Tense=Past|VerbForm=Fin|Voice=Act;_;_;_;@ztr1976-words#@ztr1976#1067.015#1067.33
786;на;на;ADP;_;_;_;_;_;@ztr1976-words#@ztr1976#1067.33#1067.645
787;филфак;филфак;NOUN;_;Animacy=Inan|Case=Acc|Gender=Masc|Number=Sing;_;_;_;@ztr1976-words#@ztr1976#1067.645#1067.96
788;для;для;ADP;_;_;_;_;_;@ztr1976-words#@ztr1976#1067.96#1068.275
789;того;то;PRON;_;Animacy=Inan|Case=Gen|Gender=Neut|Number=Sing;_;_;_;@ztr1976-words#@ztr1976#1068.275#1068.59
790;чтобы;чтобы;SCONJ;_;Mood=Cnd;_;_;_;@ztr1976-words#@ztr1976#1068.59#1068.905
791;послушать;послушать;VERB;_;Aspect=Perf|VerbForm=Inf|Voice=Act;_;_;_;@ztr1976-words#@ztr1976#1068.905#1069.22
792;умных;умный;ADJ;_;Case=Acc|Degree=Pos|Number=Plur;_;_;_;@ztr1976-words#@ztr1976#1069.22#1069.535
793;людей;человек;NOUN;_;Animacy=Anim|Case=Acc|Gender=Masc|Number=Plur;_;_;_;@ztr1976-words#@ztr1976#1069.535#1069.85
794;зубрила;зубрить;VERB;_;Aspect=Imp|Gender=Fem|Mood=Ind|Number=Sing|Tense=Past|VerbForm=Fin|Voice=Act;_;_;_;@ztr1976-words#@ztr1976#1073.5#1073.792
795;билеты;билет;NOUN;_;Animacy=Inan|Case=Acc|Gender=Masc|Number=Plur;_;_;_;@ztr1976-words#@ztr1976#1073.792#1074.084
796;#одновременно#;#одновременно#;X;_;_;_;_;_;@ztr1976-words#@ztr1976#1074.084#1074.376
797;они;они;PRON;_;Case=Nom|Number=Plur|Person=3;_;_;_;@ztr1976-words#@ztr1976#1074.376#1074.668
798;умные;умный;ADJ;_;Case=Nom|Degree=Pos|Number=Plur;_;_;_;@ztr1976-words#@ztr1976#1074.668#1074.96
799;/;/;PUNCT;_;_;_;_;_;@ztr1976-words#@ztr1976#1074.96#1075.252
800;они;они;PRON;_;Case=Nom|Number=Plur|Person=3;_;_;_;@ztr1976-words#@ztr1976#1075.252#1075.544
801;умные;умный;ADJ;_;Case=Nom|Degree=Pos|Number=Plur;_;_;_;@ztr1976-words#@ztr1976#1075.544#1075.836
802;/;/;PUNCT;_;_;_;_;_;@ztr1976-words#@ztr1976#1075.836#1076.128
803;каждый;каждый;DET;_;Case=Nom|Gender=Masc|Number=Sing;_;_;_;@ztr1976-words#@ztr1976#1076.128#1076.42
804;в;в;ADP;_;_;_;_;_;@ztr1976-words#@ztr1976#1076.42#1076.712
805;своём;свой;DET;_;Case=Loc|Gender=Neut|Number=Sing;_;_;_;@ztr1976-words#@ztr1976#1076.712#1077.004
806;предмете;предмет;NOUN;_;Animacy=Inan|Case=Loc|Gender=Masc|Number=Sing;_;_;_;@ztr1976-words#@ztr1976#1077.004#1077.3
807;ну;ну;PART;_;_;_;_;_;@ztr1976-words#@ztr1976#1078.0#1078.177
808;если;если;SCONJ;_;_;_;_;_;@ztr1976-words#@ztr1976#1078.177#1078.354
809;всматриваться;всматриваться;VERB;_;Aspect=Imp|VerbForm=Inf|Voice=Mid;_;_;_;@ztr1976-words#@ztr1976#1078.354#1078.531
810;в;в;ADP;_;_;_;_;_;@ztr1976-words#@ztr1976#1078.531#1078.708
811;них;они;PRON;_;Case=Loc|Number=Plur|Person=3;_;_;_;@ztr1976-words#@ztr1976#1078.708#1078.885
812;/;/;PUNCT;_;_;_;_;_;@ztr1976-words#@ztr1976#1078.885#1079.062
813;конечно;конечно;ADV;_;Degree=Pos;_;_;_;@ztr1976-words#@ztr1976#1079.062#1079.239
814;/;/;PUNCT;_;_;_;_;_;@ztr1976-words#@ztr1976#1079.239#1079.416
815;никто;никто;PRON;_;Case=Nom;_;_;_;@ztr1976-words#@ztr1976#1079.416#1079.593
816;не;не;PART;_;_;_;_;_;@ztr1976-words#@ztr1976#1079.593#1079.77
817;безупречен;безупречный;ADJ;_;Degree=Pos|Gender=Masc|Number=Sing|Variant=Short;_;_;_;@ztr1976-words#@ztr1976#1079.77#1079.95
818;#цокает#;#цокает#;X;_;_;_;_;_;@ztr1976-words#@ztr1976#1080.7#1081.4
819;да;да;PART;_;_;_;_;_;@ztr1976-words#@ztr1976#1082.0#1082.216
820;/;/;PUNCT;_;_;_;_;_;@ztr1976-words#@ztr1976#1082.216#1082.432
821;и;и;CCONJ;_;_;_;_;_;@ztr1976-words#@ztr1976#1082.432#1082.648
822;там;там;ADV;_;Degree=Pos;_;_;_;@ztr1976-words#@ztr1976#1082.648#1082.864
823;/;/;PUNCT;_;_;_;_;_;@ztr1976-words#@ztr1976#1082.864#1083.08
824;ну;ну;PART;_;_;_;_;_;@ztr1976-words#@ztr1976#1083.08#1083.296
825;скажем;сказать;VERB;_;Aspect=Imp|Mood=Ind|Number=Plur|Person=1|Tense=Fut|VerbForm=Fin|Voice=Act;_;_;_;@ztr1976-words#@ztr1976#1083.296#1083.512
826;/;/;PUNCT;_;_;_;_;_;@ztr1976-words#@ztr1976#1083.512#1083.728
827;два;два;NUM;_;Case=Nom|Gender=Masc;_;_;_;@ztr1976-words#@ztr1976#1083.728#1083.944
828;преподавателя;преподаватель;NOUN;_;Animacy=Anim|Case=Gen|Gender=Masc|Number=Sing;_;_;_;@ztr1976-words#@ztr1976#1083.944#1084.16
829;мне;я;PRON;_;Case=Dat|Number=Sing|Person=1;_;_;_;@ztr1976-words#@ztr1976#1084.16#1084.376
830;очень;очень;ADV;_;Degree=Pos;_;_;_;@ztr1976-words#@ztr1976#1084.376#1084.592
831;понравились;понравиться;VERB;_;Aspect=Perf|Mood=Ind|Number=Plur|Tense=Past|VerbForm=Fin|Voice=Mid;_;_;_;@ztr1976-words#@ztr1976#1084.592#1084.808
832;а;а;CCONJ;_;_;_;_;_;@ztr1976-words#@ztr1976#1084.808#1085.024
833;восемь;восемь;NUM;_;Case=Nom;_;_;_;@ztr1976-words#@ztr1976#1085.024#1085.24
834;не;не;PART;_;_;_;_;_;@ztr1976-words#@ztr1976#1085.24#1085.456
835;понравились;понравиться;VERB;_;Aspect=Perf|Mood=Ind|Number=Plur|Tense=Past|VerbForm=Fin|Voice=Mid;_;_;_;@ztr1976-words#@ztr1976#1085.456#1085.672
836;вообще;вообще;ADV;_;Degree=Pos;_;_;_;@ztr1976-words#@ztr1976#1085.672#1085.9
837;ну;ну;PART;_;_;_;_;_;@ztr1976-words#@ztr1976#1088.0#1088.302
838;и;и;CCONJ;_;_;_;_;_;@ztr1976-words#@ztr1976#1088.302#1088.604
839;это;это;PRON;_;Animacy=Inan|Case=Nom|Gender=Neut|Number=Sing;_;_;_;@ztr1976-words#@ztr1976#1088.604#1088.906
840;было;быть;AUX;_;Aspect=Imp|Gender=Neut|Mood=Ind|Number=Sing|Tense=Past|VerbForm=Fin|Voice=Act;_;_;_;@ztr1976-words#@ztr1976#1088.906#1089.208
841;достаточно;достаточно;ADV;_;Degree=Pos;_;_;_;@ztr1976-words#@ztr1976#1089.208#1089.51
842;тяжело;тяжелый;ADJ;_;Degree=Pos|Gender=Neut|Number=Sing|Variant=Short;_;_;_;@ztr1976-words#@ztr1976#1089.51#1089.812
843;/;/;PUNCT;_;_;_;_;_;@ztr1976-words#@ztr1976#1089.812#1090.114
844;я;я;PRON;_;Case=Nom|Number=Sing|Person=1;_;_;_;@ztr1976-words#@ztr1976#1090.114#1090.416
845;же;же;PART;_;_;_;_;_;@ztr1976-words#@ztr1976#1090.416#1090.718
846;поступила;поступить;VERB;_;Aspect=Perf|Gender=Fem|Mood=Ind|Number=Sing|Tense=Past|VerbForm=Fin|Voice=Act;_;_;_;@ztr1976-words#@ztr1976#1090.718#1091.02
847;на;на;ADP;_;_;_;_;_;@ztr1976-words#@ztr1976#1091.02#1091.322
848;ээ;ээ;INTJ;_;_;_;_;_;@ztr1976-words#@ztr1976#1091.322#1091.624
849;мне;я;PRON;_;Case=Dat|Number=Sing|Person=1;_;_;_;@ztr1976-words#@ztr1976#1091.624#1091.926
850;было;быть;VERB;_;Aspect=Imp|Gender=Neut|Mood=Ind|Number=Sing|Tense=Past|VerbForm=Fin|Voice=Act;_;_;_;@ztr1976-words#@ztr1976#1091.926#1092.228
851;двадцать;двадцать;NUM;_;Case=Nom;_;_;_;@ztr1976-words#@ztr1976#1092.228#1092.53
852;восемь;восемь;NUM;_;Case=Nom;_;_;_;@ztr1976-words#@ztr1976#1092.53#1092.832
853;а;а;CCONJ;_;_;_;_;_;@ztr1976-words#@ztr1976#1092.832#1093.134
854;моим;мой;DET;_;Case=Dat|Number=Plur;_;_;_;@ztr1976-words#@ztr1976#1093.134#1093.436
855;однокурсникам;однокурсник;NOUN;_;Animacy=Anim|Case=Dat|Gender=Masc|Number=Plur;_;_;_;@ztr1976-words#@ztr1976#1093.436#1093.738
856;/;/;PUNCT;_;_;_;_;_;@ztr1976-words#@ztr1976#1093.738#1094.04
857;семнадцать;семнадцать;NUM;_;Case=Nom;_;_;_;@ztr1976-words#@ztr1976#1094.04#1094.35
858;это;это;PRON;_;Animacy=Inan|Case=Nom|Gender=Neut|Number=Sing;_;_;_;@ztr1976-words#@ztr1976#1095.0#1095.3
859;было;быть;AUX;_;Aspect=Imp|Gender=Neut|Mood=Ind|Number=Sing|Tense=Past|VerbForm=Fin|Voice=Act;_;_;_;@ztr1976-words#@ztr1976#1095.3#1095.6
860;давление;давление;NOUN;_;Animacy=Inan|Case=Nom|Gender=Neut|Number=Sing;_;_;_;@ztr1976-words#@ztr1976#1095.6#1095.9
861;давление;давление;NOUN;_;Animacy=Inan|Case=Nom|Gender=Neut|Number=Sing;_;_;_;@ztr1976-words#@ztr1976#1098.4#1098.636
862;ну;ну;PART;_;_;_;_;_;@ztr1976-words#@ztr1976#1098.636#1098.872
863;/;/;PUNCT;_;_;_;_;_;@ztr1976-words#@ztr1976#1098.872#1099.108
864;мне;я;PRON;_;Case=Dat|Number=Sing|Person=1;_;_;_;@ztr1976-words#@ztr1976#1099.108#1099.344
865;кажется;казаться;VERB;_;Aspect=Imp|Mood=Ind|Number=Sing|Person=3|Tense=Pres|VerbForm=Fin|Voice=Mid;_;_;_;@ztr1976-words#@ztr1976#1099.344#1099.58
866;я;я;PRON;_;Case=Nom|Number=Sing|Person=1;_;_;_;@ztr1976-words#@ztr1976#1099.58#1099.816
867;с;с;ADP;_;_;_;_;_;@ztr1976-words#@ztr1976#1099.816#1100.052
868;ним;он;PRON;_;Case=Ins|Gender=Masc|Number=Sing|Person=3;_;_;_;@ztr1976-words#@ztr1976#1100.052#1100.288
869;более;более;ADV;_;Degree=Cmp;_;_;_;@ztr1976-words#@ztr1976#1100.288#1100.524
870;менее;менее;ADV;_;Degree=Cmp;_;_;_;@ztr1976-words#@ztr1976#1100.524#1100.76
871;справлялась;справляться;VERB;_;Aspect=Imp|Gender=Fem|Mood=Ind|Number=Sing|Tense=Past|VerbForm=Fin|Voice=Pass;_;_;_;@ztr1976-words#@ztr1976#1100.76#1101.0
872;ну;ну;PART;_;_;_;_;_;@ztr1976-words#@ztr1976#1101.5#1101.743
873;да;да;PART;_;_;_;_;_;@ztr1976-words#@ztr1976#1101.743#1101.986
874;/;/;PUNCT;_;_;_;_;_;@ztr1976-words#@ztr1976#1101.986#1102.229
875;я;я;PRON;_;Case=Nom|Number=Sing|Person=1;_;_;_;@ztr1976-words#@ztr1976#1102.229#1102.472
876;в;в;ADP;_;_;_;_;_;@ztr1976-words#@ztr1976#1102.472#1102.715
877;некотором;некоторый;DET;_;Case=Loc|Gender=Masc|Number=Sing;_;_;_;@ztr1976-words#@ztr1976#1102.715#1102.958
878;смысле;смысл;NOUN;_;Animacy=Inan|Case=Loc|Gender=Masc|Number=Sing;_;_;_;@ztr1976-words#@ztr1976#1102.958#1103.201
879;разочаровалась;разочароваться;VERB;_;Aspect=Imp|Gender=Fem|Mood=Ind|Number=Sing|Tense=Past|VerbForm=Fin|Voice=Pass;_;_;_;@ztr1976-words#@ztr1976#1103.201#1103.45
880;это;это;PRON;_;Animacy=Inan|Case=Nom|Gender=Neut|Number=Sing;_;_;_;@ztr1976-words#@ztr1976#1104.35#1104.681
881;не;не;PART;_;_;_;_;_;@ztr1976-words#@ztr1976#1104.681#1105.012
882;/;/;PUNCT;_;_;_;_;_;@ztr1976-words#@ztr1976#1105.012#1105.343
883;то;то;SCONJ;_;_;_;_;_;@ztr1976-words#@ztr1976#1105.343#1105.674
884;/;/;PUNCT;_;_;_;_;_;@ztr1976-words#@ztr1976#1105.674#1106.005
885;зачем;зачем;ADV;_;Degree=Pos;_;_;_;@ztr1976-words#@ztr1976#1106.005#1106.336
886;я;я;PRON;_;Case=Nom|Number=Sing|Person=1;_;_;_;@ztr1976-words#@ztr1976#1106.336#1106.667
887;шла;идти;VERB;_;Aspect=Imp|Gender=Fem|Mood=Ind|Number=Sing|Tense=Past|VerbForm=Fin|Voice=Act;_;_;_;@ztr1976-words#@ztr1976#1106.667#1107.0
;;;;;;;;;
;;;;;;;;;
